CREATE DATABASE  IF NOT EXISTS `riceplanner_db` /*!40100 DEFAULT CHARACTER SET utf8mb4 COLLATE utf8mb4_0900_ai_ci */ /*!80016 DEFAULT ENCRYPTION='N' */;
USE `riceplanner_db`;
-- MySQL dump 10.13  Distrib 8.0.27, for macos11 (x86_64)
--
-- Host: 127.0.0.1    Database: riceplanner_db
-- ------------------------------------------------------
-- Server version	8.0.27

/*!40101 SET @OLD_CHARACTER_SET_CLIENT=@@CHARACTER_SET_CLIENT */;
/*!40101 SET @OLD_CHARACTER_SET_RESULTS=@@CHARACTER_SET_RESULTS */;
/*!40101 SET @OLD_COLLATION_CONNECTION=@@COLLATION_CONNECTION */;
/*!50503 SET NAMES utf8 */;
/*!40103 SET @OLD_TIME_ZONE=@@TIME_ZONE */;
/*!40103 SET TIME_ZONE='+00:00' */;
/*!40014 SET @OLD_UNIQUE_CHECKS=@@UNIQUE_CHECKS, UNIQUE_CHECKS=0 */;
/*!40014 SET @OLD_FOREIGN_KEY_CHECKS=@@FOREIGN_KEY_CHECKS, FOREIGN_KEY_CHECKS=0 */;
/*!40101 SET @OLD_SQL_MODE=@@SQL_MODE, SQL_MODE='NO_AUTO_VALUE_ON_ZERO' */;
/*!40111 SET @OLD_SQL_NOTES=@@SQL_NOTES, SQL_NOTES=0 */;

--
-- Table structure for table `assignments`
--

DROP TABLE IF EXISTS `assignments`;
/*!40101 SET @saved_cs_client     = @@character_set_client */;
/*!50503 SET character_set_client = utf8mb4 */;
CREATE TABLE `assignments` (
  `assignment_id` int NOT NULL AUTO_INCREMENT,
  `class_id` int NOT NULL,
  `status` varchar(255) NOT NULL,
  `due_date` datetime DEFAULT NULL,
  `assignment_type` varchar(255) DEFAULT NULL,
  `description` varchar(255) DEFAULT NULL,
  `name` varchar(255) DEFAULT NULL,
  `link` varchar(255) DEFAULT NULL,
  `maximum` float DEFAULT NULL,
  `grade` float DEFAULT NULL,
  PRIMARY KEY (`assignment_id`),
  UNIQUE KEY `idassignments_UNIQUE` (`assignment_id`)
) ENGINE=InnoDB AUTO_INCREMENT=299 DEFAULT CHARSET=utf8mb4 COLLATE=utf8mb4_0900_ai_ci;
/*!40101 SET character_set_client = @saved_cs_client */;

--
-- Dumping data for table `assignments`
--

LOCK TABLES `assignments` WRITE;
/*!40000 ALTER TABLE `assignments` DISABLE KEYS */;
INSERT INTO `assignments` VALUES (7,12,'complete','2022-01-20 05:59:00','problemset','Vectors, dot products, and projections practice','Homework 1','https://openstax.org/details/books/calculus-volume-3',25,25),(8,12,'complete','2022-01-14 05:59:00','problemset','In-Class assignment to learn about vectors, projections, orthogonal projections, and dot products','Dot Product Worksheet','https://openstax.org/books/calculus-volume-3/pages/2-3-the-dot-product',1,1),(9,22,'complete','2022-01-18 18:00:00','essays','FWIS Students ONLY - Narrative essay on engineering','PreSM Essay','https://canvas.rice.edu/courses/45708/files/3329726/download?download_frd=1',NULL,NULL),(10,22,'complete','2022-01-17 05:59:00','problemset','Quiz','Engineering Design Process','https://canvas.rice.edu/courses/45708/quizzes/62304?module_item_id=435591',5,5),(11,22,'complete','2022-01-17 05:59:00','problemset','Quiz','Clarifying Team Assignment','https://canvas.rice.edu/courses/45708/quizzes/62295?module_item_id=435593',NULL,NULL),(12,22,'complete','2022-01-17 05:59:00','problemset','Edit the ePortfolio homepage','Edit Digication Homepage','https://rice.digication.com/ibrahim-al-akash/home-1',NULL,NULL),(13,21,'complete','2022-01-20 05:59:00','problemset','Hello Goodbye, If Else Statements, and Drivers','Quiz 0.2','https://canvas.rice.edu/courses/45735/assignments',10,10),(14,21,'complete','2022-01-15 05:59:00','problemset','Let\'s Start','Quiz 0.1','https://canvas.rice.edu/courses/45735/assignments',10,10),(15,19,'complete','2022-01-19 15:00:00','problemset','Pressure and Gas Properties','HW 01','https://openstax.org/books/chemistry-2e/pages/9-2-relating-pressure-volume-amount-and-temperature-the-ideal-gas-law',21,21),(16,21,'complete','2022-01-20 05:59:00','problemset','For loops practice','Quiz 0.3','https://canvas.rice.edu/courses/45735/assignments/237868',10,10),(17,21,'complete','2022-01-11 18:59:00','problemset','Beginning of Semester Survey','Quiz 0.0','https://canvas.rice.edu/courses/45735/assignments/237868',10,10),(18,12,'complete','2022-01-11 18:59:00','other','Attendance','Attendance','https://canvas.rice.edu/courses/45735/assignments/237868',5,5),(19,21,'complete','2022-01-15 05:59:00','other','Attendance','RLA Participation Week 1','https://canvas.rice.edu/courses/45735/assignments',10,10),(20,12,'complete','2022-01-14 05:59:00','problemset','Cross Product in-class group assignment','Cross Product Worksheet','https://openstax.org/details/books/calculus-volume-3',1,1),(21,23,'complete','2022-01-18 05:59:00','problemset','\"Electronic and Magnetic Anisotropies in FeSe Family of Iron-Based Superconductors\"','Homework 1','https://canvas.rice.edu/courses/47668/files/3357635?wrap=1',10,9),(22,12,'complete','2022-01-21 15:00:00','problemset','Cross product problem set','Cross Product WebWork','https://webwork.math.rice.edu/webwork2/Math212Spring22Williams/?key=KS0TRIp1jvRZGfjEsX331pKupuqyA0ZH&effectiveUser=isa1&user=isa1',5,5),(23,12,'complete','2022-01-21 15:00:00','problemset','Dot product problem set','Dot Product WebWork','https://webwork.math.rice.edu/webwork2/Math212Spring22Williams/?key=KS0TRIp1jvRZGfjEsX331pKupuqyA0ZH&effectiveUser=isa1&user=isa1',4,4),(24,12,'complete','2022-01-21 15:00:00','problemset','Vectors problem set','Vectors WebWork','https://webwork.math.rice.edu/webwork2/Math212Spring22Williams/?key=KS0TRIp1jvRZGfjEsX331pKupuqyA0ZH&effectiveUser=isa1&user=isa1',5,5),(25,12,'complete','2022-01-21 16:00:00','problemset','In-Class assignment','Planes Worksheet','https://openstax.org/books/calculus-volume-3/pages/2-5-equations-of-lines-and-planes-in-space',NULL,NULL),(26,12,'complete','2022-01-24 15:00:00','problemset','Planes problem set','Planes WebWork','https://openstax.org/books/calculus-volume-3/pages/2-5-equations-of-lines-and-planes-in-space',5,5),(27,12,'complete','2022-01-24 15:00:00','problemset','Lines problem set','Lines WebWork','https://openstax.org/books/calculus-volume-3/pages/2-5-equations-of-lines-and-planes-in-space',7,7),(28,12,'complete','2022-01-27 05:59:00','problemset','Lines and planes problem set','Homework 2','https://openstax.org/books/calculus-volume-3/pages/2-5-equations-of-lines-and-planes-in-space',40,34),(29,18,'complete','2022-01-29 05:59:00','problemset','Multiple Choice. One chance. Untimed.','Homework 1','https://canvas.rice.edu/courses/45504',100,90),(30,19,'complete','2022-01-24 15:00:00','problemset','Ideal Gas Law, Non-Ideal Gases, Kinetic Molecular Theory','HW 02','https://openstax.org/details/books/chemistry-2e',15,15),(31,21,'complete','2022-01-27 05:59:00','problemset','Plots','Quiz 0.4','https://canvas.rice.edu/courses/45735',10,9.7),(32,21,'complete','2022-01-27 05:59:00','problemset','Matrices','Quiz 0.5','https://canvas.rice.edu/courses/45735',10,9.5),(33,23,'complete','2022-01-25 05:59:00','problemset','Introduction','Homework 2','https://canvas.rice.edu/courses/47668/files/3357726?wrap=1',10,9.5),(34,19,'complete','2022-01-26 15:00:00','problemset','Practice problems in exam-like format','Unit 1 Power Set 1','https://canvas.rice.edu/courses/48300/files/3400841?module_item_id=462953',NULL,NULL),(35,22,'complete','2022-01-25 05:59:00','problemset','Quiz','Design Problem Statement','https://www.youtube.com/watch?v=Oj4T7d9AGOs&feature=youtu.be',NULL,NULL),(36,22,'complete','2022-01-25 05:59:00','problemset','Quiz','Understanding the Problem and Context','https://www.youtube.com/playlist?list=PLjrhWkcAmyYijTmxFqTTcY8fKomncuOZ6',NULL,NULL),(37,20,'complete','2022-01-27 00:00:00','other','Beer-Lambert Law Experiment','Prelab Notes','https://canvas.rice.edu/courses/46224/pages/lab-1-instructions-and-overview?module_item_id=429723',15,15),(38,24,'complete','2022-01-28 05:59:00','problemset','Finite Differences','Homework 1','https://canvas.rice.edu/courses/47868/assignments/243966',NULL,NULL),(39,21,'complete','2022-01-29 05:59:00','problemset','Group Assignment','Group Assignment 1','https://canvas.rice.edu/courses/45735/quizzes/63340',10,10),(40,21,'complete','2022-02-01 05:59:00','projects','Grow a Fern','Project 1','https://canvas.rice.edu/courses/45735/assignments/237919',100,100),(41,21,'complete','2022-01-29 05:59:00','problemset','Grow a Fern','Project 1 Quiz','https://canvas.rice.edu/courses/45735/quizzes/63365',20,20),(42,19,'complete','2022-01-31 15:00:00','problemset','Rate Laws and Reactions','HW 03','https://openstax.org/books/chemistry-2e/pages/12-1-chemical-reaction-rates',19,19),(43,12,'complete','2022-01-29 05:59:00','problemset','Parametric curves and vector-valued functions','Parametric Curves WebWork','https://webwork.math.rice.edu/webwork2/Math212Spring22Williams/Parametric_Curves/?user=isa1&effectiveUser=isa1&key=NKgNrybOvaIpp9Tx0CKGrHDzRwY1wCxr',5,5),(44,21,'complete','2022-02-01 05:59:00','problemset','Matrix Operations','Quiz 0.6','https://canvas.rice.edu/courses/45735/quizzes/63349',10,10),(45,12,'complete','2022-02-01 05:59:00','problemset','Vector valued functions','Vector Valued Functions WebWork','https://webwork.math.rice.edu/webwork2/Math212Spring22Williams/Vector_Valued_Functions/?effectiveUser=isa1&key=X0rUa6fI2XIVO8CZLIAnKI5AvP4SzfJK&user=isa1',3,3),(46,20,'complete','2022-02-03 00:30:00','problemset','Kinetic Experiments','Pre Discussion Assignment 1','https://canvas.rice.edu/courses/46224/assignments/232579',10,10),(47,12,'complete','2022-02-02 19:59:00','problemset','Parametric curves, vector valued functions, tangent vectors, curves, contour plots, and traces','Homework 3','https://www.gradescope.com/courses/349159',NULL,NULL),(48,12,'complete','2022-02-01 05:59:00','problemset','Multivariable functions problem set','Multivariable Functions WebWork','https://webwork.math.rice.edu/webwork2/Math212Spring22Williams/Multivariable_Functions/?user=isa1&effectiveUser=isa1&key=1Q5yd3gSelFqmAqOtjVr14gv22DkI4bV',5,5),(49,21,'complete','2022-02-02 23:00:00','problemset','Finding Roots for One Real Variable Function','Project 2 Quiz','https://canvas.rice.edu/courses/45735/quizzes/63358',20,20),(50,21,'complete','2022-02-05 05:59:00','problemset','Finding Roots for One Real Variable Function','Group Assignment 2','https://canvas.rice.edu/courses/45735/assignments/237920',10,10),(51,21,'complete','2022-02-07 05:59:00','projects','Finding Roots for One Real Variable Function','Project 2','https://canvas.rice.edu/courses/45735/assignments/237920',100,100),(52,19,'complete','2022-02-02 16:00:00','problemset','Kinetic Molecular Theory and Rate Laws','Power Set 2','https://openstax.org/books/chemistry-2e/pages/12-3-rate-laws',NULL,NULL),(53,22,'complete','2022-02-01 05:59:00','problemset','Quiz','Design Criteria','https://www.youtube.com/playlist?list=PLjrhWkcAmyYi3EqFv_D9eDOpGk1C9pNGX',NULL,NULL),(54,22,'complete','2022-02-01 05:59:00','problemset','Quiz','User Defined Scales','https://www.youtube.com/playlist?list=PLjrhWkcAmyYgQ0haif0hF06kKnDaPgfDR',NULL,NULL),(55,22,'complete','2022-02-03 05:59:00','problemset','Quiz','Pairwise Comparative Charts','https://www.youtube.com/playlist?list=PLjrhWkcAmyYgsXAGQNcqnyusaU8jBM7bt',NULL,NULL),(56,22,'complete','2022-02-03 05:59:00','problemset','Quiz','Teamwork','https://www.youtube.com/playlist?list=PLjrhWkcAmyYgixuf6Tx8NIUeraIp6hQov',NULL,NULL),(57,22,'complete','2022-02-05 18:00:00','essays','Self-reflection Memo 10 V1 Draft','SM 10 V1-D','https://canvas.rice.edu/courses/45708/assignments/234258?module_item_id=435623',NULL,NULL),(58,23,'complete','2022-02-01 05:59:00','problemset','Sections 2 and 3','Homework 3','https://canvas.rice.edu/courses/47668/files/3357635?wrap=1',10,9.8),(59,12,'complete','2022-02-05 05:59:00','problemset','Partial derivatives problem set','Partial Derivatives WebWork','https://webwork.math.rice.edu/webwork2/Math212Spring22Williams/Partial_Derivatives/?user=isa1&effectiveUser=isa1&key=ESEQ7FJlBcLZpu5ENSrMFlp2lBbw6d3a',5,5),(60,18,'complete','2022-02-05 05:59:00','problemset','Chemistry of Biology','Homework 2','https://canvas.rice.edu/courses/45504/assignments/237514',100,100),(61,12,'complete','2022-02-08 05:59:00','problemset','Tangent planes problem set','Tangent Planes WebWork','https://webwork.math.rice.edu/webwork2/Math212Spring22Williams/Tangent_Planes/?user=isa1&key=W4BI1gDSmFLOwG0tYkrPxxgeBEjrMiwr&effectiveUser=isa1',5,5),(62,23,'complete','2022-02-22 05:59:00','problemset','Colloquium/Seminar Notes','Homework 6','https://www.youtube.com/watch?v=9qGRo3WWzMc&t=2s&ab_channel=MagnetosphereSeminars',10,10),(63,23,'complete','2022-02-08 05:59:00','problemset','Lab Tour Questions','Homework 4','https://canvas.rice.edu/courses/47668/files/3357643?wrap=1',10,10),(64,12,'complete','2022-02-17 05:59:00','problemset','Planes and linear approximations','Homework 4','https://openstax.org/details/books/calculus-volume-3',NULL,NULL),(65,12,'complete','2022-02-10 05:59:00','problemset','Directional derivatives problem set','Directional Derivatives WebWork','https://webwork.math.rice.edu/webwork2/Math212Spring22Williams/Directional_Derivatives/?user=isa1&effectiveUser=isa1&key=6OTWkIOh5to92LLtWBPWMq0LH5kaZTms',5,5),(66,22,'complete','2022-02-08 05:59:00','problemset','Quiz','Brainstorming','https://www.youtube.com/playlist?list=PLjrhWkcAmyYj5fylkbTYTTwKZ_CqVJ8Z6',NULL,NULL),(67,22,'complete','2022-02-08 05:59:00','problemset','Quiz','Decomposition','https://www.youtube.com/playlist?list=PLjrhWkcAmyYgDZbOqpZ9za-QnlYuXN4pJ',NULL,NULL),(68,22,'complete','2022-02-12 18:00:00','essays','Brainstorming','Tech Memo 4','https://canvas.rice.edu/courses/45708/assignments/234280?module_item_id=435626',NULL,NULL),(69,22,'complete','2022-02-09 05:59:00','problemset','Design Mentor/Writing Mentor Survey','DM/WM Survey #1','https://canvas.rice.edu/courses/45708/assignments/234239?module_item_id=435625',NULL,NULL),(70,20,'complete','2022-02-17 00:00:00','problemset','Equilibrium Lab','Prelab Quiz 2','https://canvas.rice.edu/courses/46224/quizzes/61666?module_item_id=429552',10,10),(71,20,'complete','2022-02-17 00:00:00','other','Equilibrium Lab','Prelab Notes 2','https://canvas.rice.edu/courses/46224/modules/items/429553',15,15),(72,21,'complete','2022-02-09 23:05:00','problemset','Modelling infectious diseases','Project 3 Quiz','https://canvas.rice.edu/courses/45735/quizzes/63346',20,20),(73,21,'complete','2022-02-17 05:59:00','projects','Modelling infectious diseases','Project 3','https://canvas.rice.edu/courses/45735/assignments/237928',100,100),(74,19,'complete','2022-04-23 04:59:00','other','Lab Grade','Lab','https://canvas.rice.edu/courses/46224',550,144.75),(75,20,'complete','2022-01-15 05:59:00','problemset','Beer\'s Law','Week 1 Beer\'s Law Worksheet','https://canvas.rice.edu/courses/46224/modules/items/446394',30,28),(76,20,'complete','2022-01-20 05:59:00','problemset','Safety quiz','Lab Safety Quiz','https://canvas.rice.edu/courses/46224/modules/items/446413',20,20),(77,20,'complete','2022-01-27 05:59:00','other','Kinetics and Rate Law Experiment','Lab Conduct 1','https://canvas.rice.edu/courses/46224/modules/items/429524',5,5),(78,20,'complete','2022-01-27 05:59:00','other','Kinetics and Rate Law Experiment','InLab Notes 1','https://canvas.rice.edu/courses/46224/modules/items/429536',20,19.75),(79,20,'complete','2022-02-05 05:59:00','problemset','Rate Laws and Reactions','Discussion Assignment 1','https://www.gradescope.com/courses/335540',40,37),(80,20,'complete','2022-01-27 05:59:00','problemset','Kinetic Experiments','Prelab Quiz 1','https://canvas.rice.edu/courses/46224/assignments/232570/submissions/55710',10,10),(81,23,'complete','2022-04-23 04:59:00','other','In-class discussion','Participation','https://canvas.rice.edu/courses/47668/assignments',3,3),(82,24,'complete','2022-02-18 05:59:00','problemset','Energy and Linear Drag','Homework 2','https://canvas.rice.edu/courses/47868/assignments/243970',NULL,NULL),(83,24,'complete','2022-04-23 04:59:00','other','In-class discussion','Participation','https://canvas.rice.edu/courses/47868',100,100),(84,12,'complete','2022-02-15 05:59:00','problemset','Chain Rule problem set','Chain Rule WebWork','https://webwork.math.rice.edu/webwork2/Math212Spring22Williams/Chain_Rule/?effectiveUser=isa1&key=ubeNxLuCnUMzcoaUktR8csLQlqAI8yje&user=isa1',5,5),(85,18,'complete','2022-02-19 05:59:00','problemset','Organic chemistry and biological molecules','Homework 3','https://quizlet.com/395580152/bioc-201-final-review-flash-cards/',100,100),(86,23,'complete','2022-02-15 05:59:00','problemset','Spiral density waves in a young protoplanetary disk','Homework 5','https://canvas.rice.edu/courses/47668/files/folder/Main%20Readings?preview=3357634',10,9.8),(87,21,'complete','2022-02-16 23:00:00','problemset','Primal Dual Sensitivity Analysis','Project 4 Quiz','https://canvas.rice.edu/courses/45735/quizzes/65705',20,20),(88,22,'complete','2022-02-15 05:59:00','problemset','Quiz','Pugh Screening','https://www.youtube.com/playlist?list=PLjrhWkcAmyYgIMX_6oBwfmzYYvbSY6cL7',NULL,NULL),(89,22,'complete','2022-02-15 05:59:00','problemset','Quiz','Morph Charts','https://www.youtube.com/playlist?list=PLjrhWkcAmyYi2i_ZKZQ1dqLefh1kOFHMs',NULL,NULL),(90,22,'complete','2022-02-15 05:59:00','problemset','Quiz','Pugh Scoring','https://www.youtube.com/playlist?list=PLjrhWkcAmyYiM1wwG9Bp0LnUR_5zykfc4',NULL,NULL),(91,21,'complete','2022-02-22 05:59:00','projects','Primal Dual Sensitivity Analysis','Project 4','https://canvas.rice.edu/courses/45735/assignments/246851',100,105),(92,18,'complete','2022-02-19 05:59:00','problemset','Proteins','Homework 4','https://canvas.rice.edu/courses/45504/quizzes/63264',100,100),(93,19,'complete','2022-02-22 05:59:00','other','Earn up to 10/150 extra points on Midterm 1','Midterm 1 Exam Reflection','https://canvas.rice.edu/courses/48300/assignments/249439?module_item_id=470746',NULL,NULL),(94,19,'complete','2022-02-09 05:59:00','other','Exam','Midterm 1','https://canvas.rice.edu/courses/48300',150,139),(95,19,'complete','2022-02-21 20:00:00','other','Regrade','Midterm 1 Regrade Request','https://canvas.rice.edu/courses/48300/files/3492457?module_item_id=470506',NULL,NULL),(96,23,'complete','2022-03-02 05:59:00','problemset','End of Course Survey','Homework 7','https://canvas.rice.edu/courses/47668/assignments/238462',10,10),(97,22,'complete','2022-02-19 18:00:00','problemset','Version 2 of Brainstorming Technical Memo','Tech Memo 4 V2','https://canvas.rice.edu/courses/45708/assignments/234282?module_item_id=435639',NULL,NULL),(98,22,'complete','2022-02-22 05:59:00','problemset','Quiz','Technical Presentations','https://www.youtube.com/playlist?list=PLjrhWkcAmyYh7Kmz1ZG1PRue0S1wQXAZq',NULL,NULL),(99,20,'complete','2022-02-17 05:59:00','other','Equilibrium Lab','Lab Conduct 2','https://canvas.rice.edu/courses/46224',5,5),(100,20,'complete','2022-02-18 19:00:00','other','Equilibrium Lab','InLab Notes 2','https://canvas.rice.edu/courses/46224',20,19.25),(101,19,'complete','2022-02-21 15:00:00','problemset','Equilibrium problem set','HW 05','https://canvas.rice.edu/courses/48300/quizzes/62833?module_item_id=440791',15,15),(102,19,'complete','2022-02-23 15:00:00','problemset','Equilibrium','Unit 2 Power Set 1','https://canvas.rice.edu/courses/48300/files/3488490?module_item_id=470263',NULL,NULL),(103,20,'complete','2022-02-24 00:00:00','problemset','Equilibrium','Pre Discussion Assignment 2','https://canvas.rice.edu/courses/46224/assignments/232581?module_item_id=429538',10,10),(104,20,'complete','2022-02-24 00:00:00','problemset','Equilibrium Lab','Discussion Assignment 2','https://canvas.rice.edu/courses/46224/assignments/232582?module_item_id=429540',40,39),(105,21,'complete','2022-03-01 05:59:00','projects','Newton\'s Method with One Complex Variable','Project 5','https://canvas.rice.edu/courses/45735/assignments/237924',NULL,NULL),(106,12,'complete','2022-02-18 05:59:00','other','Exam','Midterm 1','https://openstax.org/details/books/calculus-volume-3',104,101),(107,21,'complete','2022-02-23 23:00:00','problemset','Newton\'s Method for Complex Variables','Project 5 Quiz','https://canvas.rice.edu/courses/45735/quizzes/63344',20,20),(108,12,'complete','2022-02-24 05:59:00','problemset','Local extrema problem set','Local Extrema WebWork','https://webwork.math.rice.edu/webwork2/Math212Spring22Williams/Local_Extrema/?user=isa1&effectiveUser=isa1&key=dijhzFXKPsGssODc5Lqo1SGZKzu88Fxe',NULL,NULL),(109,12,'complete','2022-03-01 05:59:00','problemset','Extrema problem set','Homework 5','https://canvas.rice.edu/courses/46724/assignments/249675',NULL,NULL),(110,18,'complete','2022-02-24 05:59:00','other','Exam','Midterm 1','https://canvas.rice.edu/courses/45504/files/folder/EXAMS%20and%20REVIEWS/2022?preview=3508846',100,97),(111,19,'complete','2022-02-28 15:00:00','problemset','Phase equilibria','HW 06','https://canvas.rice.edu/courses/48300/quizzes/62835?module_item_id=440793',NULL,NULL),(112,18,'complete','2022-02-26 05:59:00','problemset','Macromolecules','Homework 5','https://canvas.rice.edu/courses/45504/quizzes/63270/take',100,100),(113,22,'complete','2022-02-26 06:00:00','projects','Presentation','Technical Presentation','https://docs.google.com/presentation/d/1hNnKwLiknbcUduTWHJGxKf6wt4o4rVrMtdkXmlNUSU0/edit#slide=id.g35ed75ccf_028',100,88),(114,20,'complete','2022-03-03 00:00:00','other','Gas Laws Lab','Prelab Notes 3','https://canvas.rice.edu/courses/46224/pages/lab-3-instructions-and-overview?module_item_id=429664',NULL,NULL),(115,12,'complete','2022-03-03 05:59:00','problemset','Absolute extrema problem set','Absolute Extrema WebWork','https://webwork.math.rice.edu/webwork2/Math212Spring22Williams/Absolute_Extrema/?user=isa1&effectiveUser=isa1&key=ZcxFfmZ9ea7z3ZDpMwhS6UcGHJ1Qv48V',NULL,NULL),(116,19,'complete','2022-03-02 15:00:00','problemset','Phase equilibria','Unit 2 Power Set 2','https://canvas.rice.edu/courses/48300/assignments/250030?module_item_id=472309',NULL,NULL),(117,18,'complete','2022-03-05 05:59:00','problemset','Cell','Homework 6','https://canvas.rice.edu/courses/45504/quizzes/63269',NULL,NULL),(118,20,'complete','2022-03-03 00:00:00','problemset','Gas Laws Lab','Prelab Quiz 3','https://canvas.rice.edu/courses/46224/quizzes/61662',10,10),(119,22,'complete','2022-03-05 18:00:00','essays','Design Plan','Tech Memo 6','https://canvas.rice.edu/courses/45708/assignments/234288?module_item_id=435652',NULL,NULL),(120,21,'complete','2022-03-02 23:00:00','problemset','Population Model','Project 6 Quiz','https://canvas.rice.edu/courses/45735/quizzes/63355',20,20),(121,12,'complete','2022-03-04 05:59:00','problemset','Iterated integral problem set','Iterated Integrals WebWork','https://webwork.math.rice.edu/webwork2/Math212Spring22Williams/Iterated_Integrals/?user=isa1&effectiveUser=isa1&key=VUegcLFog30hVFP4SYylums5d80pumNe',NULL,NULL),(122,12,'complete','2022-03-15 04:59:00','problemset','Double integral problem set','Double Integrals WebWork','https://webwork.math.rice.edu/webwork2/Math212Spring22Williams/Double_Integrals/?key=VUegcLFog30hVFP4SYylums5d80pumNe&user=isa1&effectiveUser=isa1',NULL,NULL),(123,21,'complete','2022-03-08 05:59:00','projects','Population Model','Project 6','https://canvas.rice.edu/courses/45735/assignments/237925',NULL,NULL),(124,12,'complete','2022-03-11 05:59:00','problemset','Lagrange Multiplier and Double Integrals','Homework 6','https://canvas.rice.edu/courses/46724/assignments/250845',NULL,NULL),(125,18,'complete','2022-03-12 05:59:00','problemset','Phospholipid bilayer','Homework 7','https://quizlet.com/395580152/bioc-201-final-review-flash-cards/',NULL,NULL),(126,12,'complete','2022-03-10 05:59:00','problemset','Polar integration problem set','Polar Integration WebWork','https://webwork.math.rice.edu/webwork2/Math212Spring22Williams/Polar_Integration/?user=isa1&effectiveUser=isa1&key=WjJp43rQbIGDTS6CcHMirntq5tWygyUe',NULL,NULL),(127,20,'complete','2022-03-10 00:00:00','problemset','Gas Laws Lab','Pre Discussion Assignment 3','https://canvas.rice.edu/courses/46224/modules/items/429527',NULL,NULL),(128,20,'complete','2022-03-10 00:00:00','problemset','Gas Laws Lab','Discussion Assignment 3','https://canvas.rice.edu/courses/46224/modules/items/429529',NULL,NULL),(129,21,'complete','2022-03-09 23:00:00','problemset','Modelling a Bridge','Project 7 Quiz','https://canvas.rice.edu/courses/45735/quizzes/63331',NULL,NULL),(130,21,'complete','2022-03-22 04:59:00','projects','Bridge in MATLAB','Project 7','https://canvas.rice.edu/courses/45735/assignments/237926',NULL,NULL),(131,24,'complete','2022-03-25 04:59:00','problemset','Relaxation','Homework 3','https://canvas.rice.edu/courses/47868/files/3544644?module_item_id=474290',NULL,NULL),(132,12,'complete','2022-03-15 04:59:00','problemset','Triple integrals problem set','Triple Integrals WebWork','https://webwork.math.rice.edu/webwork2/Math212Spring22Williams/Triple_Integrals/?user=isa1&effectiveUser=isa1&key=PcvqhVWVWPImy5EnR3aYoHppxlVtowsp',NULL,NULL),(133,12,'complete','2022-03-26 04:59:00','problemset','Cylindrical and spherical coordinates problem set','Cylindrical and Spherical Coordinates','https://webwork.math.rice.edu/webwork2/Math212Spring22Williams/Cylindrical_and_Spherical/?user=isa1&effectiveUser=isa1&key=CKKnduDg4XVdW4wWoA55DiNOpjG43iCx',NULL,NULL),(135,19,'complete','2022-03-10 22:36:00','other','Exam','Midterm 2','https://www.youtube.com/watch?v=nOLJ4yQpCd4',150,130),(136,21,'complete','2022-04-02 04:59:00','projects','Shape Analysis','Project 8','https://canvas.rice.edu/courses/45735/assignments/237929',NULL,NULL),(137,18,'complete','2022-03-26 04:59:00','problemset','Cell Structure','Homework 8','https://canvas.rice.edu/courses/45504/quizzes/63265',NULL,NULL),(138,20,'complete','2022-03-23 23:30:00','problemset','Acid-Base Reactions','Discussion Assignment 4','https://canvas.rice.edu/courses/46224/assignments/232596?module_item_id=429560',NULL,NULL),(139,12,'complete','2022-03-31 04:59:00','problemset','Multiple integrals problem set','Homework 7','https://canvas.rice.edu/courses/46724/assignments/251774',NULL,NULL),(140,12,'complete','2022-04-05 04:59:00','problemset','Change of coordinates problem set','Change of Coordinates WebWork','https://webwork.math.rice.edu/webwork2/Math212Spring22Williams/Change_of_Coordinates/?user=isa1&effectiveUser=isa1&key=Y4obLtHVslIAjQpM3YMTdNitEsflkTF8',NULL,NULL),(141,24,'complete','2022-04-21 21:51:00','projects','Final presentation','Final Presentation','https://canvas.rice.edu/courses/47868',NULL,NULL),(142,19,'complete','2022-03-28 14:00:00','problemset','Acid-Base Reactions','HW 08','https://canvas.rice.edu/courses/48300/quizzes/62837?module_item_id=440795',NULL,NULL),(143,12,'complete','2022-03-29 04:59:00','problemset','Vector field problem set','Vector Fields WebWork','https://webwork.math.rice.edu/webwork2/Math212Spring22Williams/Vector_Fields/?user=isa1&effectiveUser=isa1&key=X4PNY2bDNRfReUJ3JC9XrseOva2RL89E',NULL,NULL),(144,12,'complete','2022-04-01 04:59:00','problemset','Scalar Line Integrals WebWork','Scalar Line Integrals WebWork','https://webwork.math.rice.edu/webwork2/Math212Spring22Williams/Scalar_Line_Integrals/?user=isa1&effectiveUser=isa1&key=DxpxV0VXNzkKRmc8ptXKm8SlH9DQh7Na',NULL,NULL),(145,18,'complete','2022-04-05 04:59:00','other','Exam','Midterm 2','https://quizlet.com/588545964/bios-201-exam-review-flash-cards/',100,93),(146,21,'complete','2022-04-05 04:59:00','projects','Introduction to Python','Project 9','https://canvas.rice.edu/courses/45735/assignments/237930',NULL,NULL),(147,19,'complete','2022-04-04 14:00:00','problemset','Titrations','HW 09','https://canvas.rice.edu/courses/48300/quizzes/62838?module_item_id=440796',NULL,NULL),(148,20,'complete','2022-04-06 23:00:00','problemset','Titration Lab','Pre Discussion Assignment 5','https://canvas.rice.edu/courses/46224/assignments/232583?module_item_id=429542',NULL,NULL),(149,20,'complete','2022-04-06 23:00:00','problemset','Titration Lab','Discussion Assignment 5','https://canvas.rice.edu/courses/46224/assignments/232584',50,50),(150,12,'complete','2022-04-09 04:59:00','problemset','Vector line integrals','Homework 8','https://canvas.rice.edu/courses/46724/assignments/253383',NULL,NULL),(151,12,'complete','2022-04-09 04:59:00','problemset','FTLI Problem set','FTLI WebWork','https://webwork.math.rice.edu/webwork2/Math212Spring22Williams/FTLI/?user=isa1&effectiveUser=isa1&key=GNTTOpOamzOGdjYIhsIS0sTL9zl2rhur',NULL,NULL),(152,12,'complete','2022-04-12 04:59:00','problemset','Conservative Vector Fields WebWork','Conservative Vector Fields WebWork','https://webwork.math.rice.edu/webwork2/Math212Spring22Williams/Conservative_Vector_Fields/?user=isa1&effectiveUser=isa1&key=GNTTOpOamzOGdjYIhsIS0sTL9zl2rhur',NULL,NULL),(153,12,'complete','2022-03-31 18:37:00','problemset','Review for Midterm 2','Homework 7','https://webwork.math.rice.edu/webwork2/Math212Spring22Williams/Conservative_Vector_Fields/?user=isa1&effectiveUser=isa1&key=GNTTOpOamzOGdjYIhsIS0sTL9zl2rhur',NULL,NULL),(154,12,'complete','2022-03-31 18:38:00','other','Exam','Midterm 2','https://webwork.math.rice.edu/webwork2/Math212Spring22Williams/Conservative_Vector_Fields/?user=isa1&effectiveUser=isa1&key=GNTTOpOamzOGdjYIhsIS0sTL9zl2rhur',100,70),(155,12,'complete','2022-04-23 04:59:00','problemset','Parametric Surfaces WebWork','Parametric Surfaces WebWork','https://webwork.math.rice.edu/webwork2/Math212Spring22Williams/Parametric_Surfaces/?user=isa1&effectiveUser=isa1&key=8V5FZl7elYbOn0mawcESgLX7u6XFP8Hi',NULL,NULL),(156,12,'complete','2022-04-16 04:59:00','problemset','Green\'s Theorem Problem Set','Green\'s Theorem Worksheet','https://canvas.rice.edu/courses/46724/assignments/254247',NULL,NULL),(157,21,'complete','2022-04-19 04:59:00','projects','Neural Network','Project 11','https://canvas.rice.edu/courses/45735/assignments/237932',NULL,NULL),(158,21,'complete','2022-04-13 04:59:00','projects','Bridge in Python','Project 10','https://canvas.rice.edu/courses/45735/assignments/237934',NULL,NULL),(159,33,'complete','2022-08-31 15:50:00','problemset','Engineering Calculations','HW 1','https://canvas.rice.edu/courses/51499',100,94),(160,35,'complete','2022-08-23 13:00:00','problemset','Pre-Class Quiz Chapter 1','PC CH1','https://mybusinesscourse.com/platform/mod/quiz/view.php?id=368510',100,100),(162,35,'complete','2022-08-25 13:00:00','problemset','Pre-Class Quiz Chapter 2','PC CH2','https://mybusinesscourse.com/platform/mod/quiz/view.php?id=368557',10,10),(163,35,'complete','2022-09-01 13:00:00','problemset','Homework Chapter 2','HW CH2','https://mybusinesscourse.com/platform/mod/quiz/view.php?id=368558',10,9.52),(164,37,'complete','2022-09-07 01:00:00','problemset','Intro to Electronics','Homework 1','https://canvas.rice.edu/courses/52551/files/folder/assignments?preview=3873776',NULL,NULL),(165,34,'complete','2022-09-07 16:00:00','problemset','Vectors and Concurrent Force Systems','Homework 1','https://canvas.rice.edu/courses/50438/assignments/273641',100,100),(166,35,'complete','2022-09-13 13:00:00','problemset','Pre-Class Quiz Chapter 4','PC CH4','https://mybusinesscourse.com/platform/mod/quiz/view.php?id=368561',10,10),(167,35,'complete','2022-09-13 13:00:00','problemset','Homework Chapter 3','HW CH3','https://mybusinesscourse.com/platform/mod/quiz/view.php?id=368559',10,10),(168,38,'complete','2022-09-08 21:00:00','projects','Create a powerpoint that describes your product and describes what it is','Initial Business Model Thesis','https://canvas.rice.edu/courses/53206/assignments/263097?module_item_id=508010',NULL,NULL),(169,37,'complete','2022-09-14 01:00:00','problemset','Soldering and GitHub','Homework 2','https://canvas.rice.edu/files/3895974/download?download_frd=1',NULL,NULL),(170,33,'complete','2022-09-12 22:00:00','problemset','Foundations of Conservation Principles','HW 2','https://canvas.rice.edu/courses/51499/assignments/267825',100,86),(171,34,'complete','2022-09-17 23:00:00','problemset','Nonconcurrent Forces','Homework 2','https://canvas.rice.edu/courses/50438/assignments/273642',100,100),(172,35,'complete','2022-09-22 13:00:00','problemset','Homework Chapter 4','HW CH4','https://mybusinesscourse.com/platform/mod/quiz/view.php?id=368562',NULL,NULL),(173,35,'complete','2022-09-22 13:00:00','problemset','Pre-Class Quiz Chapter 5','PC CH5','https://mybusinesscourse.com/platform/mod/quiz/view.php?id=368563',NULL,NULL),(174,37,'complete','2022-09-21 01:00:00','problemset','Computer Engineering','Homework 3','https://canvas.rice.edu/courses/52551/files/folder/assignments?preview=3925320',NULL,NULL),(175,37,'complete','2022-09-27 01:00:00','projects','Proposal for Class Project','Project Proposal','https://canvas.rice.edu/courses/52551/files/folder/assignments?preview=3925734',NULL,NULL),(176,34,'complete','2022-09-24 23:00:00','problemset','Equilibrium of Rigid Bodies','Homework 3','https://canvas.rice.edu/courses/50438/assignments/273643',100,100),(177,33,'complete','2022-09-23 22:00:00','problemset','Conservation of Mass','HW 3','https://canvas.rice.edu/courses/51499/assignments/267826',100,86),(178,36,'complete','2022-09-27 04:59:00','problemset','Intro to HiFive and Freedom Studio','Lab 1','https://canvas.rice.edu/courses/50125/assignments/253268',100,100),(179,37,'complete','2022-09-28 01:00:00','problemset','Python','Homework 4','https://canvas.rice.edu/courses/52551/files/folder/assignments?preview=3953541',NULL,NULL),(180,35,'complete','2022-09-27 13:00:00','problemset','Uncollectibles','HW CH6','https://mybusinesscourse.com/platform/mod/quiz/view.php?id=368566',NULL,NULL),(181,35,'complete','2022-09-27 13:00:00','problemset','Pre Class Quiz Chapter 7','PC CH7','https://mybusinesscourse.com/platform/mod/quiz/view.php?id=368567',NULL,NULL),(182,36,'complete','2022-10-08 04:59:00','problemset','Canvas Quiz','Homework 1','https://canvas.rice.edu/courses/50125/quizzes/66800',100,100),(183,34,'complete','2022-10-03 23:00:00','problemset','Structural Analysis','Homework 4','https://canvas.rice.edu/courses/50438/assignments/273644',100,100),(184,33,'complete','2022-10-09 04:16:00','other','Participation','Participation','https://canvas.rice.edu/courses/51096',100,100),(185,33,'complete','2022-09-30 05:06:00','projects','Oral Presentation Stent Design','PBL 1 Oral Report','https://canvas.rice.edu/courses/51499/assignments/267837',100,78),(186,33,'complete','2022-10-14 05:06:00','other','Conservation of Mass','Midterm 1','https://canvas.rice.edu/courses/51499/assignments/267837',100,90),(187,33,'complete','2022-09-30 05:07:00','projects','Written Report Stent Design','PBL 1 Written Report','https://canvas.rice.edu/courses/51499/assignments/267837',140,124.5),(188,33,'complete','2022-10-15 04:13:00','problemset','Conservation of Mass Reactions','HW 4','https://canvas.rice.edu/courses/51499',100,98),(189,34,'complete','2022-10-17 21:37:00','other','Forces and Equilibrium','Exam 1','https://canvas.rice.edu/courses/45504/assignments/syllabus',100,84),(190,34,'complete','2022-12-08 07:00:00','other','Midterm 2','Exam 2','https://openstax.org/details/books/calculus-volume-3',100,100),(191,34,'complete','2022-12-14 07:00:00','projects','Project','Bridge Project','https://openstax.org/details/books/calculus-volume-3',100,100),(192,34,'complete','2022-12-21 07:01:00','other','Final Exam','Final','https://openstax.org/details/books/calculus-volume-3',100,90),(193,33,'complete','2022-12-08 07:04:00','other','Midterm 2','Midterm 2','https://openstax.org/details/books/calculus-volume-3',100,94.5),(194,33,'complete','2022-12-07 07:05:00','projects','Oral Presentation Blood Model','PBL 2 Oral Report','https://openstax.org/details/books/calculus-volume-3',100,90),(195,33,'complete','2022-12-14 07:05:00','projects','Written Report Blood Model','PBL 2 Written Report','https://openstax.org/details/books/calculus-volume-3',100,89),(196,33,'complete','2022-12-09 07:06:00','other','Final Exam','Final','https://openstax.org/details/books/calculus-volume-3',100,85.25),(197,33,'complete','2022-12-14 07:08:00','problemset','Homework','HW 5','https://openstax.org/details/books/calculus-volume-3',64,64),(198,33,'complete','2022-12-15 07:08:00','problemset','Homework','HW 6','https://openstax.org/details/books/calculus-volume-3',136,128),(199,33,'complete','2022-12-14 07:09:00','problemset','Homework','HW 7','https://openstax.org/details/books/calculus-volume-3',100,89),(200,33,'complete','2022-12-08 07:09:00','problemset','Extra Credit Homework','HW 8','https://openstax.org/details/books/calculus-volume-3',100,100),(201,39,'complete','2023-01-13 05:59:00','problemset','Assignment','Photo Exercise','https://canvas.rice.edu/courses/56691/modules/items/595004',NULL,NULL),(202,39,'complete','2023-01-13 05:59:00','problemset','Assignment','Concerns Survey','https://canvas.rice.edu/courses/56691/modules/items/595006',NULL,NULL),(203,39,'complete','2023-01-13 05:59:00','problemset','Meet Your Classmates','Discussion Post','https://canvas.rice.edu/courses/56691/modules/items/595007',NULL,NULL),(204,42,'complete','2023-01-23 15:00:00','problemset','Homework','Homework 1','https://canvas.rice.edu/courses/57336/modules/items/566551',NULL,NULL),(205,39,'complete','2023-01-25 05:59:00','problemset','Assignment','FAE Assignment','https://canvas.rice.edu/courses/56691/modules/items/595019',NULL,NULL),(206,43,'complete','2023-01-29 05:59:00','problemset','Assignment','Homework 1','https://canvas.rice.edu/courses/54219/files/4336546?module_item_id=611454',NULL,NULL),(207,42,'complete','2023-01-16 05:59:00','problemset','Chapters 4, 5, and 21','Reading Quiz 1','https://canvas.rice.edu/courses/57336/quizzes/81037',NULL,NULL),(208,42,'complete','2023-01-31 05:59:00','problemset','Assignment','Homework 2','https://canvas.rice.edu/courses/57336/assignments/287281?module_item_id=612312',NULL,NULL),(209,40,'complete','2023-02-01 05:59:00','problemset','Chapter 3.2','Problem Set 1','https://canvas.rice.edu/courses/54326/assignments/300884',NULL,NULL),(210,43,'complete','2023-02-04 05:59:00','problemset','Lab','Lab 1','https://canvas.rice.edu/courses/54219/assignments/305235',NULL,NULL),(211,42,'complete','2023-02-11 05:59:00','other','Exam','Exam 1','https://canvas.rice.edu/courses/57336/modules/items/612317',NULL,NULL),(212,42,'complete','2023-02-13 05:59:00','problemset','Chapters 10 and 11','Reading Quiz 4','https://canvas.rice.edu/courses/57336/modules/items/612346',NULL,NULL),(213,40,'complete','2023-02-15 17:00:00','problemset','PBL','PBL Tech Memo','https://canvas.rice.edu/courses/54326/assignments/300883',NULL,NULL),(214,40,'complete','2023-02-22 17:00:00','problemset','5.1 and 5.2','Problem Set 2','https://canvas.rice.edu/courses/54326/assignments/300885',NULL,NULL),(215,40,'complete','2023-02-27 17:00:00','other','Extra Credit','Exam 2 Extra Credit','https://canvas.rice.edu/courses/54326/assignments/306682',NULL,NULL),(216,43,'complete','2023-02-14 05:59:00','problemset','Long one','Lab 2','https://canvas.rice.edu/courses/54219/assignments/305995',NULL,NULL),(217,43,'complete','2023-02-18 05:59:00','problemset','RC Circuits','Lab 3','https://canvas.rice.edu/courses/54219/assignments/306749',NULL,NULL),(218,41,'complete','2023-02-14 05:59:00','problemset','EMG II','Post Lab 3','https://canvas.rice.edu/courses/54836/assignments/292188',NULL,NULL),(219,41,'complete','2023-02-14 05:59:00','problemset','EEG','Pre Lab 4','https://canvas.rice.edu/courses/54836/assignments/292168',NULL,NULL),(220,39,'complete','2023-02-13 16:00:00','problemset','Assignment','Virtual Class','https://canvas.rice.edu/courses/56691/modules/items/615322',NULL,NULL),(221,39,'complete','2023-02-14 05:59:00','essays','Essay','Obedience and Conformity Paper','https://canvas.rice.edu/courses/56691/modules/items/595029',NULL,NULL),(222,39,'complete','2023-02-25 05:59:00','essays','Essay','Ad Analysis Paper','https://canvas.rice.edu/courses/56691/modules/items/595033',NULL,NULL),(223,44,'complete','2023-02-15 05:59:00','essays','Essay','IP Project Identification Essay','https://canvas.rice.edu/courses/54631/assignments/304316',NULL,NULL),(224,43,'complete','2023-02-12 05:59:00','other','Exam','Exam 1','https://canvas.rice.edu/courses/54219',NULL,NULL),(225,45,'complete',NULL,'problemset','2ab, 4, 5, 6','Problem Set 5.1','https://docs.google.com/spreadsheets/d/1ugz1l34WHuseRK20--1TJuYPEm1wmi49Vux_zgVGCDQ/edit#gid=74983300',NULL,NULL),(226,45,'complete','2023-02-09 06:34:00','problemset','7, 8, 9, 10, 11, 12, 13, 14, 16, 17','Problem Set 5.2','https://docs.google.com/spreadsheets/d/1ugz1l34WHuseRK20--1TJuYPEm1wmi49Vux_zgVGCDQ/edit#gid=74983300',NULL,NULL),(227,45,'complete','2023-02-09 06:34:00','problemset','19, 21, 22','Problem Set 5.3','https://docs.google.com/spreadsheets/d/1ugz1l34WHuseRK20--1TJuYPEm1wmi49Vux_zgVGCDQ/edit#gid=74983300',NULL,NULL),(228,45,'complete','2023-02-09 06:35:00','problemset','27, 28, 30, 31, 32, 33, 34','Problem Set 5.4','https://docs.google.com/spreadsheets/d/1ugz1l34WHuseRK20--1TJuYPEm1wmi49Vux_zgVGCDQ/edit#gid=74983300',NULL,NULL),(229,45,'complete','2023-02-09 06:35:00','problemset','36, 37, 46, 47, 48, 50','Problem Set 5.5','https://docs.google.com/spreadsheets/d/1ugz1l34WHuseRK20--1TJuYPEm1wmi49Vux_zgVGCDQ/edit#gid=74983300',NULL,NULL),(230,45,'complete','2023-02-11 05:59:00','problemset','1, 4, 5, 6','Problem Set 6.1','https://docs.google.com/spreadsheets/d/1ugz1l34WHuseRK20--1TJuYPEm1wmi49Vux_zgVGCDQ/edit#gid=74983300',NULL,NULL),(231,45,'complete','2023-02-11 05:59:00','problemset','Addition Alkene Reactions','Discussion Worksheet 4','https://canvas.rice.edu/courses/56445/files/4380105?wrap=1',NULL,NULL),(232,45,'complete','2023-02-12 07:20:00','problemset','9, 13, 15, 16','Problem Set 6.2','https://docs.google.com/spreadsheets/d/1ugz1l34WHuseRK20--1TJuYPEm1wmi49Vux_zgVGCDQ/edit#gid=74983300',NULL,NULL),(233,45,'complete','2023-02-13 07:21:00','problemset','17, 18, 22, 24, 26','Problem Set 6.3','https://docs.google.com/spreadsheets/d/1ugz1l34WHuseRK20--1TJuYPEm1wmi49Vux_zgVGCDQ/edit#gid=74983300',NULL,NULL),(234,45,'complete','2023-02-15 05:59:00','problemset','27, 28, 29, 30abd, 31ac','Problem Set 6.4','27, 28, 29, 30abd, 31ac',NULL,NULL),(235,42,'complete','2023-02-20 05:59:00','problemset','Chapters 12 and 14','Reading Quiz 5','https://canvas.rice.edu/courses/57336/assignments/305289',NULL,NULL),(236,42,'complete','2023-02-21 05:59:00','problemset','Assignment','Homework 4','https://canvas.rice.edu/courses/57336/assignments/287283',NULL,NULL),(237,41,'complete','2023-02-22 05:59:00','problemset','EEG','Post Lab 4','https://canvas.rice.edu/courses/54836/assignments/292189',NULL,NULL),(238,41,'complete','2023-02-22 05:59:00','problemset','ECG I','Pre Lab 5','https://canvas.rice.edu/courses/54836/assignments/292169',NULL,NULL),(239,43,'complete','2023-02-17 05:59:00','problemset','Thevenin','Homework 4','https://canvas.rice.edu/courses/54219/files/4418625?module_item_id=616918',NULL,NULL),(240,43,'complete','2023-02-25 05:59:00','problemset','LTSpice','Individual Lab 4','https://canvas.rice.edu/courses/54219/assignments/307336',NULL,NULL),(241,45,'complete','2023-02-16 05:59:00','problemset',' 34, 35, 36, 40, 45, 46, 47','Problem Set 6.5','https://docs.google.com/spreadsheets/d/1ugz1l34WHuseRK20--1TJuYPEm1wmi49Vux_zgVGCDQ/edit#gid=74983300',NULL,NULL),(242,45,'complete','2023-02-17 05:59:00','problemset','1','Problem Set 7.1','https://docs.google.com/spreadsheets/d/1ugz1l34WHuseRK20--1TJuYPEm1wmi49Vux_zgVGCDQ/edit#gid=74983300',NULL,NULL),(243,45,'complete','2023-02-18 05:59:00','problemset','5, 6, 7, 8, 9','Problem Set 7.2','https://docs.google.com/spreadsheets/d/1ugz1l34WHuseRK20--1TJuYPEm1wmi49Vux_zgVGCDQ/edit#gid=74983300',NULL,NULL),(244,45,'complete','2023-02-19 05:59:00','problemset','10, 12, 15, 22','Problem Set 7.3','https://docs.google.com/spreadsheets/d/1ugz1l34WHuseRK20--1TJuYPEm1wmi49Vux_zgVGCDQ/edit#gid=74983300',NULL,NULL),(245,45,'complete','2023-02-20 05:59:00','problemset','24, 25, 26, 27, 28, 29','Problem Set 7.4','https://docs.google.com/spreadsheets/d/1ugz1l34WHuseRK20--1TJuYPEm1wmi49Vux_zgVGCDQ/edit#gid=74983300',NULL,NULL),(246,45,'complete','2023-02-21 05:59:00','problemset','30, 31, 32, 33, 37ab','Problem Set 7.5','https://docs.google.com/spreadsheets/d/1ugz1l34WHuseRK20--1TJuYPEm1wmi49Vux_zgVGCDQ/edit#gid=74983300',NULL,NULL),(247,42,'complete','2023-02-27 05:59:00','problemset','Chapters 15 and 17','Reading Quiz 6','https://canvas.rice.edu/courses/57336/quizzes/81296?module_item_id=612348',NULL,NULL),(248,40,'complete','2023-03-06 05:59:00','problemset','Problems 1, 2, 3a-3c, 5','Problem Set 5.3','https://canvas.rice.edu/courses/54326/assignments/300886',NULL,NULL),(249,43,'complete','2023-03-04 05:59:00','problemset','OpAmp','Lab 5','https://canvas.rice.edu/courses/54219/assignments/308083',NULL,NULL),(250,43,'complete','2023-03-05 05:59:00','problemset','OpAmp','Homework 5','https://canvas.rice.edu/courses/54219/assignments/308630',NULL,NULL),(251,45,'complete','2023-03-04 05:59:00','problemset','1, 3, 4, 5, 6, 8, 9, 10','Problem Set 9.1','https://docs.google.com/spreadsheets/d/1ugz1l34WHuseRK20--1TJuYPEm1wmi49Vux_zgVGCDQ/edit#gid=1041656145',NULL,NULL),(252,41,'complete','2023-03-08 05:59:00','problemset','ECG II','Post Lab 6','https://canvas.rice.edu/courses/54836/assignments/292191',NULL,NULL),(253,41,'complete','2023-03-08 05:59:00','problemset','BP','Pre Lab 7','https://canvas.rice.edu/courses/54836/assignments/292171',NULL,NULL),(254,44,'complete','2023-04-04 04:59:00','essays','Essay','IP Project Identification','https://canvas.rice.edu/courses/54631/assignments/304315',NULL,NULL),(255,39,'complete','2023-03-11 05:59:00','essays','Paper','Scavenger Hunt','https://canvas.rice.edu/courses/56691/assignments/296969?module_item_id=595056',NULL,NULL),(256,42,'complete','2023-03-07 05:59:00','problemset','Interpolation','Homework 6','https://canvas.rice.edu/courses/57336/modules/items/612320',NULL,NULL),(257,42,'complete','2023-03-06 05:59:00','problemset','Chapter 18','Reading Quiz 7','https://canvas.rice.edu/courses/57336/assignments/305291',NULL,NULL),(258,41,'complete','2023-04-04 04:59:00','problemset','EOG','Pre Lab 9','https://canvas.rice.edu/courses/54836/assignments/292173',NULL,NULL),(259,41,'complete','2023-04-04 04:59:00','problemset','PF','Post Lab 8','https://canvas.rice.edu/courses/54836/assignments/292194',NULL,NULL),(260,40,'complete','2023-04-07 22:00:00','problemset','Survey','PBL Reflection','https://canvas.rice.edu/courses/54326/assignments/300861',NULL,NULL),(261,40,'complete','2023-04-07 22:00:00','problemset','Survey','CATME','https://canvas.rice.edu/courses/54326/assignments/300865',NULL,NULL),(262,40,'complete','2023-04-07 22:59:00','essays','Essay','PBL Draft','https://canvas.rice.edu/courses/54326/assignments/300881',NULL,NULL),(263,39,'complete','2023-04-04 04:59:00','essays','Are People Inherently Evil','Evil Paper','https://canvas.rice.edu/courses/56691/modules/items/602623',NULL,NULL),(264,42,'complete','2023-04-04 04:59:00','problemset','Homework','Homework 8','https://www.gradescope.com/courses/488899',NULL,NULL),(265,42,'complete','2023-04-15 04:59:00','problemset','Exam 3','Exam 3','https://www.gradescope.com/courses/488899',NULL,NULL),(266,43,'complete','2023-04-06 04:59:00','problemset','Assignment','Homework 7','https://canvas.rice.edu/courses/54219/modules/items/623553',NULL,NULL),(267,45,'complete','2023-04-03 04:59:00','problemset','8, 9, 10, 11, 12, 13, 14, 15','Problem Set 12.1','https://docs.google.com/spreadsheets/d/1ugz1l34WHuseRK20--1TJuYPEm1wmi49Vux_zgVGCDQ/edit#gid=1715900195',NULL,NULL),(268,42,'complete','2023-04-03 05:00:00','problemset','Chapters 22 and 23','Reading Quiz 9','https://canvas.rice.edu/courses/57336/modules/items/612352',NULL,NULL),(269,40,'complete','2023-04-10 15:59:00','problemset','Problems 6.1.3, 6.1.7, 6.1.8, 6.1.9, 6.1.13; 6.2.2, 6.2.4, 6.2.6','Problem Set 6','https://canvas.rice.edu/courses/54326/assignments/300887',NULL,NULL),(270,42,'complete','2023-04-22 04:59:00','projects','Project','Papers','https://canvas.rice.edu/courses/57336/modules/items/612328',NULL,NULL),(271,41,'complete','2023-04-12 04:59:00','problemset','EOG','In-Lab 9','https://jameslong12.github.io/BIOE320/inlabs/week_9_EOG_assignment.pdf',NULL,NULL),(272,42,'complete','2023-04-11 04:59:00','problemset','Assignment','Homework 9','https://jameslong12.github.io/BIOE320/inlabs/week_9_EOG_assignment.pdf',NULL,NULL),(273,42,'complete','2023-04-09 05:00:00','problemset','Chapters 23 and 24','Reading Quiz 10','https://canvas.rice.edu/courses/57336/modules/items/612353',NULL,NULL),(274,45,'complete','2023-04-10 06:41:00','problemset','8, 9, 10, 11, 12, 13, 14, 15','Problem Set 12.2','https://docs.google.com/spreadsheets/d/1ugz1l34WHuseRK20--1TJuYPEm1wmi49Vux_zgVGCDQ/edit#gid=1715900195',NULL,NULL),(275,45,'complete','2023-04-10 06:41:00','problemset','18, 21','Problem Set 12.3','https://docs.google.com/spreadsheets/d/1ugz1l34WHuseRK20--1TJuYPEm1wmi49Vux_zgVGCDQ/edit#gid=1715900195',NULL,NULL),(276,45,'complete','2023-04-10 06:41:00','problemset','25, 26ab, 27, 32','Problem Set 12.3','https://docs.google.com/spreadsheets/d/1ugz1l34WHuseRK20--1TJuYPEm1wmi49Vux_zgVGCDQ/edit#gid=1715900195',NULL,NULL),(277,45,'complete','2023-04-11 06:42:00','problemset','34, 35, 40, 42, 44','Problem Set 12.4','https://docs.google.com/spreadsheets/d/1ugz1l34WHuseRK20--1TJuYPEm1wmi49Vux_zgVGCDQ/edit#gid=1715900195',NULL,NULL),(278,45,'complete','2023-04-07 04:59:00','problemset','6, 7','Problem Set 13.1','https://docs.google.com/spreadsheets/d/1ugz1l34WHuseRK20--1TJuYPEm1wmi49Vux_zgVGCDQ/edit#gid=1715900195',NULL,NULL),(279,45,'complete','2023-04-08 04:59:00','problemset','8, 9, 10, 13, 14','Problem Set 13.2','https://docs.google.com/spreadsheets/d/1ugz1l34WHuseRK20--1TJuYPEm1wmi49Vux_zgVGCDQ/edit#gid=1715900195',NULL,NULL),(280,45,'complete','2023-04-09 04:59:00','problemset','15, 16, 17, 18, 19, 20, 21, 22','Problem Set 13.3','https://docs.google.com/spreadsheets/d/1ugz1l34WHuseRK20--1TJuYPEm1wmi49Vux_zgVGCDQ/edit#gid=1715900195',NULL,NULL),(281,45,'complete','2023-04-10 04:59:00','problemset','24, 25, 26, 27, 28','Problem Set 13.4','https://docs.google.com/spreadsheets/d/1ugz1l34WHuseRK20--1TJuYPEm1wmi49Vux_zgVGCDQ/edit#gid=1715900195',NULL,NULL),(282,39,'complete','2023-04-19 04:59:00','essays','Essay','Happiness Paper','https://canvas.rice.edu/courses/56691/assignments/296966?module_item_id=595109',NULL,NULL),(283,39,'complete','2023-04-27 04:59:00','essays','Essay','Applying What You Learned','https://canvas.rice.edu/courses/56691/assignments/296964?module_item_id=602626',NULL,NULL),(284,43,'complete','2023-04-15 04:59:00','problemset','Assignment','Homework 8','https://canvas.rice.edu/courses/54219/assignments/312878',NULL,NULL),(285,42,'complete','2023-04-18 04:59:00','problemset','Homework','Homework 10','https://canvas.rice.edu/courses/57336/assignments/287280?module_item_id=612327',NULL,NULL),(286,45,'complete','2023-04-12 04:59:00','problemset','37, 40, 41, 44, 45, 47','Problem Set 13.5','https://docs.google.com/spreadsheets/d/1ugz1l34WHuseRK20--1TJuYPEm1wmi49Vux_zgVGCDQ/edit#gid=1715900195',NULL,NULL),(287,45,'complete','2023-04-13 04:59:00','problemset','48, 51, 52, 53, 54 (#33 + #44 from Ch. 10)','Problem Set 13.6','https://docs.google.com/spreadsheets/d/1ugz1l34WHuseRK20--1TJuYPEm1wmi49Vux_zgVGCDQ/edit#gid=1715900195',NULL,NULL),(288,45,'complete','2023-04-14 04:59:00','problemset','2, 3, 4, 6, 7, 8, 9, 10, 11, 12','Problem Set 14.1','https://docs.google.com/spreadsheets/d/1ugz1l34WHuseRK20--1TJuYPEm1wmi49Vux_zgVGCDQ/edit#gid=1715900195',NULL,NULL),(289,45,'complete','2023-04-15 04:59:00','problemset','13, 14, 15, 18, 19, 20, 21, 22','Problem Set 14.2','https://docs.google.com/spreadsheets/d/1ugz1l34WHuseRK20--1TJuYPEm1wmi49Vux_zgVGCDQ/edit#gid=1715900195',NULL,NULL),(290,45,'complete','2023-04-16 04:59:00','problemset','23, 26, 27, 32, 33, 34, 36, 39','Problem Set 14.3','https://docs.google.com/spreadsheets/d/1ugz1l34WHuseRK20--1TJuYPEm1wmi49Vux_zgVGCDQ/edit#gid=1715900195',NULL,NULL),(291,45,'complete','2023-04-08 04:59:00','problemset','Assignment','Discussion Worksheet 11','https://canvas.rice.edu/courses/56445/files/4563823?wrap=1',NULL,NULL),(292,45,'complete','2023-04-17 04:59:00','problemset','40, 42, 44, 45, 46, 47','Problem Set 14.4','https://docs.google.com/spreadsheets/d/1ugz1l34WHuseRK20--1TJuYPEm1wmi49Vux_zgVGCDQ/edit#gid=1715900195',NULL,NULL),(293,44,'complete','2023-04-22 04:59:00','essays','Essay','Final Essay','https://canvas.rice.edu/courses/54631/assignments/304314',NULL,NULL),(294,44,'complete','2023-04-12 04:59:00','problemset','Reflection','Reflection 4','https://canvas.rice.edu/courses/54631/assignments/304324',NULL,NULL),(295,46,'incomplete','2023-09-13 04:59:00','problemset','Intro to Biomaterials','Homework 1','https://bookshelf.vitalsource.com/#/',NULL,NULL),(296,51,'incomplete','2023-08-30 04:59:00','problemset','Intro to ELVIS','Tech Memo 1','https://canvas.rice.edu/courses/59819/files/4771322?module_item_id=689442',NULL,NULL),(297,51,'incomplete','2023-08-23 04:59:00','problemset','Op Amps','Pre Lab 2','https://canvas.rice.edu/courses/59819/quizzes/84933',NULL,NULL),(298,52,'incomplete','2023-08-29 04:59:00','problemset','Intro to Biostatistics','Homework 1','https://canvas.rice.edu/courses/59056/assignments/337540',NULL,NULL);
/*!40000 ALTER TABLE `assignments` ENABLE KEYS */;
UNLOCK TABLES;

--
-- Table structure for table `classes`
--

DROP TABLE IF EXISTS `classes`;
/*!40101 SET @saved_cs_client     = @@character_set_client */;
/*!50503 SET character_set_client = utf8mb4 */;
CREATE TABLE `classes` (
  `class_id` int NOT NULL AUTO_INCREMENT,
  `name` varchar(255) NOT NULL,
  `syllabus` varchar(255) DEFAULT NULL,
  `professor` varchar(255) DEFAULT NULL,
  `semester` varchar(255) DEFAULT NULL,
  PRIMARY KEY (`class_id`),
  UNIQUE KEY `idnew_table_UNIQUE` (`class_id`),
  UNIQUE KEY `name_UNIQUE` (`name`)
) ENGINE=InnoDB AUTO_INCREMENT=53 DEFAULT CHARSET=utf8mb4 COLLATE=utf8mb4_0900_ai_ci;
/*!40101 SET character_set_client = @saved_cs_client */;

--
-- Dumping data for table `classes`
--

LOCK TABLES `classes` WRITE;
/*!40000 ALTER TABLE `classes` DISABLE KEYS */;
INSERT INTO `classes` VALUES (46,'Biomaterials','BIOE370_syllabus.pdf','Dr. Mikos','F23'),(47,'Biomedical Instrumentation','BIOE383_syllabus.pdf','Dr. Tkaczyk','F23'),(48,'Cellular Engineering','BIOE341_syllabus.pdf','Dr. Segatori','F23'),(49,'Psychology of Religion','Reli334_syllabus.doc','Dr. Parsons','F23'),(50,'Film Genre Western','FILM432_syllabus.pdf','Dr. Huberman','F23'),(51,'Biomedical Instrumentation Lab','BIOE385_syllabus.pdf','Dr. Long','F23'),(52,'Statistics for Bioengineers','BIOE440_syllabus.pdf','Dr. Ghosn','F23');
/*!40000 ALTER TABLE `classes` ENABLE KEYS */;
UNLOCK TABLES;

--
-- Table structure for table `course_db`
--

DROP TABLE IF EXISTS `course_db`;
/*!40101 SET @saved_cs_client     = @@character_set_client */;
/*!50503 SET character_set_client = utf8mb4 */;
CREATE TABLE `course_db` (
  `course_id` int NOT NULL AUTO_INCREMENT,
  `name` varchar(255) DEFAULT NULL,
  `hours` int DEFAULT NULL,
  `dept_code` varchar(45) DEFAULT NULL,
  `level_code` int DEFAULT NULL,
  `description` longtext,
  `distribution` int DEFAULT NULL,
  `is_core_req` tinyint DEFAULT NULL,
  `prereq` varchar(255) DEFAULT NULL,
  PRIMARY KEY (`course_id`),
  UNIQUE KEY `idcourse_db_UNIQUE` (`course_id`)
) ENGINE=InnoDB AUTO_INCREMENT=5 DEFAULT CHARSET=utf8mb4 COLLATE=utf8mb4_0900_ai_ci;
/*!40101 SET character_set_client = @saved_cs_client */;

--
-- Dumping data for table `course_db`
--

LOCK TABLES `course_db` WRITE;
/*!40000 ALTER TABLE `course_db` DISABLE KEYS */;
INSERT INTO `course_db` VALUES (1,'INTRODUCTION TO ENGINEERING DESIGN AND COMMUNICATION',3,'FWIS',188,'Students learn the engineering design process to solve real-world problems by evaluating design requirements and constructing innovative solutions in the OEDK. Several communication assignments will be completed by individuals rather than teams. Fall limited to ENGI and NSCI students; spring open for engineering and architecture students.',0,1,'0'),(2,'ENGINEERING DESIGN STUDIO',3,'ENGI',200,'Graduates of ENGI 120 and ENGI 220 will have the opportunity to gain a more in-depth knowledge of the engineering design process by furthering progress on specific engineering design projects. Students may extend their project work by completing advanced prototyping for their designs and conduct testing. Students will be held accountable through technical mentorship, weekly meetings, and prototype evaluations. Students will only work in design teams.',0,0,'FWIS 188'),(3,'PROTOTYPING AND FABRICATION',3,'ENGI',210,'Students in ENGI 210 will learn and practice advanced prototyping and fabrication skills useful in the construction of physical objects for engineering design projects. The course is structured as lecture and demonstration of basic and advanced prototyping techniques and out-of-class work practicing and honing the application of these techniques. Example techniques include low fidelity prototyping, 2D and 3D Computer Aided Design, electronics, foam cutting, laser cutting, plasma cutting, 3D printing, and molding/casting methods. Students will individually apply these techniques to create physical objects.',0,0,'FWIS 188'),(4,'NEEDS IDENTIFICATION AND DESIGN IMPLEMENTATION',3,'ENGI',350,'Students in this course will identify needs situated in two or more environments, and learn to ask questions that elucidate the problem, needed features and criteria for success. Students also develop implementation plans and conduct testing for refined design solutions that may include standards and safety compliance, patent applications, and manufacturing and user documents.',0,0,'FWIS 188');
/*!40000 ALTER TABLE `course_db` ENABLE KEYS */;
UNLOCK TABLES;

--
-- Table structure for table `coursedb`
--

DROP TABLE IF EXISTS `coursedb`;
/*!40101 SET @saved_cs_client     = @@character_set_client */;
/*!50503 SET character_set_client = utf8mb4 */;
CREATE TABLE `coursedb` (
  `coursedb_id` int NOT NULL AUTO_INCREMENT,
  `name` varchar(255) NOT NULL,
  `link` varchar(255) DEFAULT NULL,
  `description` longtext,
  `code` varchar(255) NOT NULL,
  `hours` int NOT NULL,
  `level` int NOT NULL,
  `distribution` int DEFAULT NULL,
  `requirement` varchar(255) DEFAULT NULL,
  PRIMARY KEY (`coursedb_id`),
  UNIQUE KEY `idnew_table_UNIQUE` (`coursedb_id`),
  UNIQUE KEY `code_UNIQUE` (`code`)
) ENGINE=InnoDB DEFAULT CHARSET=utf8mb4 COLLATE=utf8mb4_0900_ai_ci;
/*!40101 SET character_set_client = @saved_cs_client */;

--
-- Dumping data for table `coursedb`
--

LOCK TABLES `coursedb` WRITE;
/*!40000 ALTER TABLE `coursedb` DISABLE KEYS */;
/*!40000 ALTER TABLE `coursedb` ENABLE KEYS */;
UNLOCK TABLES;

--
-- Table structure for table `gpa`
--

DROP TABLE IF EXISTS `gpa`;
/*!40101 SET @saved_cs_client     = @@character_set_client */;
/*!50503 SET character_set_client = utf8mb4 */;
CREATE TABLE `gpa` (
  `gpa_id` int NOT NULL AUTO_INCREMENT,
  `class_name` varchar(255) DEFAULT NULL,
  `letter` varchar(10) DEFAULT NULL,
  `hours` int DEFAULT NULL,
  `quality_points` float DEFAULT NULL,
  `semester` varchar(255) DEFAULT NULL,
  PRIMARY KEY (`gpa_id`),
  UNIQUE KEY `idgpa_UNIQUE` (`gpa_id`)
) ENGINE=InnoDB AUTO_INCREMENT=39 DEFAULT CHARSET=utf8mb4 COLLATE=utf8mb4_0900_ai_ci;
/*!40101 SET character_set_client = @saved_cs_client */;

--
-- Dumping data for table `gpa`
--

LOCK TABLES `gpa` WRITE;
/*!40000 ALTER TABLE `gpa` DISABLE KEYS */;
INSERT INTO `gpa` VALUES (-4,'Intro to Psych','A+',3,12,'F21'),(-2,'Mechanics','B+',4,13.32,'F21'),(-1,'ODE + Linear Algebra','B+',3,9.99,'F21'),(5,'Multivariable Calculus','A',3,12,'S22'),(6,'Chemistry II','A',3,12,'S22'),(7,'Chemistry II Lab','A',1,4,'S22'),(8,'Biology','A',3,12,'S22'),(9,'Engineering Computation','A+',3,12,'S22'),(10,'Engineering Design','A',3,12,'S22'),(11,'Astronomy','A',1,4,'S22'),(12,'Physics Computer','A',1,4,'S22'),(18,'Physics Electricity and Magnetism','A-',4,14.68,'S22'),(19,'Bioengineering Fundamentals',NULL,4,NULL,NULL),(20,'Engineering Mechanics','A',3,12,'F22'),(21,'Financial Accounting','B+',3,9.99,'F22'),(22,'Computer Engineering','A+',4,16,'F22'),(23,'Electrical Engineering','A',3,12,'F22'),(24,'Engineering Entrepreneurship','A',1,4,'F22'),(25,'Social Psychology','A+',3,12,'S23'),(26,'Systems Physiology Lecture','A+',3,12,'S23'),(27,'Systems Physiology Lab','B+',1,3.33,'S23'),(28,'Numerical Methods','A+',3,12,'S23'),(29,'Electrical Measurement Systems','A+',4,16,'S23'),(30,'Intellectual Property','A+',1,4,'S23'),(31,'Organic Chemistry I','B+',3,9.99,'S23'),(32,'Biomaterials',NULL,3,NULL,NULL),(33,'Biomedical Instrumentation',NULL,3,NULL,NULL),(34,'Cellular Engineering',NULL,3,NULL,NULL),(35,'Psychology of Religion',NULL,3,NULL,NULL),(36,'Film Genre Western',NULL,3,NULL,NULL),(37,'Biomedical Instrumentation Lab',NULL,1,NULL,NULL),(38,'Statistics for Bioengineers',NULL,1,NULL,NULL);
/*!40000 ALTER TABLE `gpa` ENABLE KEYS */;
UNLOCK TABLES;

--
-- Table structure for table `graded_assignments`
--

DROP TABLE IF EXISTS `graded_assignments`;
/*!40101 SET @saved_cs_client     = @@character_set_client */;
/*!50503 SET character_set_client = utf8mb4 */;
CREATE TABLE `graded_assignments` (
  `graded_id` int NOT NULL AUTO_INCREMENT,
  `assignment_id` int NOT NULL,
  `grade` float NOT NULL,
  `maximum` float DEFAULT NULL,
  `type` varchar(255) DEFAULT NULL,
  `grading_id` varchar(255) DEFAULT NULL,
  `class_id` int DEFAULT NULL,
  `assignment_name` varchar(255) DEFAULT NULL,
  PRIMARY KEY (`graded_id`),
  UNIQUE KEY `graded_id_UNIQUE` (`graded_id`),
  UNIQUE KEY `assignment_id_UNIQUE` (`assignment_id`)
) ENGINE=InnoDB AUTO_INCREMENT=118 DEFAULT CHARSET=utf8mb4 COLLATE=utf8mb4_0900_ai_ci;
/*!40101 SET character_set_client = @saved_cs_client */;

--
-- Dumping data for table `graded_assignments`
--

LOCK TABLES `graded_assignments` WRITE;
/*!40000 ALTER TABLE `graded_assignments` DISABLE KEYS */;
INSERT INTO `graded_assignments` VALUES (3,18,5,5,'Attendance','1',12,'Attendance'),(4,17,10,10,'Quizzes','8',21,'Quiz 0.0'),(6,14,10,10,'Quizzes','8',21,'Quiz 0.1'),(7,19,10,10,'RLA Attendance','11',21,'RLA Participation Week 1'),(8,8,1,1,'Homework Online','2',12,'Dot Product Worksheet'),(9,20,1,1,'Homework Online','2',12,'Cross Product Worksheet'),(12,22,5,5,'Homework Online',' Online',12,'Cross Product WebWork'),(13,23,4,4,'Homework Online',' Online',12,'Dot Product WebWork'),(14,24,5,5,'Homework Online',' Online',12,'Vectors WebWork'),(15,13,10,10,'Quizzes','8',21,'Quiz 0.2'),(16,16,10,10,'Quizzes','8',21,'Quiz 0.3'),(17,26,5,5,'Homework Online',' Online',12,'Planes WebWork'),(18,41,20,20,'Quizzes','8',21,'Project 1 Quiz'),(19,40,100,100,'Unpledged Projects','7',21,'Project 1'),(20,29,90,100,'Homework','16',18,'Homework 1'),(21,60,100,100,'Homework','16',18,'Homework 2'),(22,15,21,21,'Homework','21',19,'HW 01'),(23,30,15,15,'Homework','21',19,'HW 02'),(24,42,19,19,'Homework','21',19,'HW 03'),(25,75,28,30,'Assignments','23',20,'Week 1 Beer\'s Law Worksheet'),(26,76,20,20,'Assignments','23',20,'Lab Safety Quiz'),(27,37,15,15,'Assignments','23',20,'Prelab Notes'),(28,80,10,10,'Assignments','23',20,'Prelab Quiz 1'),(29,78,19.75,20,'Assignments','23',20,'InLab Notes 1'),(30,77,5,5,'Assignments','23',20,'Lab Conduct 1'),(31,74,144.75,550,'Lab','22',19,'Lab'),(32,31,9.7,10,'Quizzes','8',21,'Quiz 0.4'),(33,32,9.5,10,'Quizzes','8',21,'Quiz 0.5'),(34,44,10,10,'Quizzes','8',21,'Quiz 0.6'),(35,49,20,20,'Quizzes','8',21,'Project 2 Quiz'),(36,72,20,20,'Quizzes','8',21,'Project 3 Quiz'),(37,21,9,10,'Homework','33',23,'Homework 1'),(38,33,9.5,10,'Homework','33',23,'Homework 2'),(39,58,9.8,10,'Homework','33',23,'Homework 3'),(40,81,3,3,'Participation','34',23,'Participation'),(41,83,100,100,'Participation','35',24,'Participation'),(42,27,7,7,'Homework Online',' Online',12,'Lines WebWork'),(43,43,5,5,'Homework Online',' Online',12,'Parametric Curves WebWork'),(44,45,3,3,'Homework Online',' Online',12,'Vector Valued Functions WebWork'),(45,48,5,5,'Homework Online',' Online',12,'Multivariable Functions WebWork'),(46,59,5,5,'Homework Online',' Online',12,'Partial Derivatives WebWork'),(47,61,5,5,'Homework Online',' Online',12,'Tangent Planes WebWork'),(48,65,5,5,'Homework Online',' Online',12,'Directional Derivatives WebWork'),(49,84,5,5,'Homework Online',' Online',12,'Chain Rule WebWork'),(50,46,10,10,'Assignments','23',20,'Pre Discussion Assignment 1'),(51,85,100,100,'Homework','16',18,'Homework 3'),(52,39,10,10,'Group Assignments','10',21,'Group Assignment 1'),(53,50,10,10,'Group Assignments','10',21,'Group Assignment 2'),(54,63,10,10,'Homework','33',23,'Homework 4'),(55,87,20,20,'Quizzes','8',21,'Project 4 Quiz'),(56,51,100,100,'Unpledged Projects','7',21,'Project 2'),(57,94,139,150,'Unit 1 Exam','17',19,'Midterm 1'),(58,92,100,100,'Homework','16',18,'Homework 4'),(59,73,100,100,'Pledged Projects','9',21,'Project 3'),(60,107,20,20,'Quizzes','8',21,'Project 5 Quiz'),(61,79,37,40,'Assignments','23',20,'Discussion Assignment 1'),(62,101,15,15,'Homework','21',19,'HW 05'),(63,7,25,25,'Homework Written','3',12,'Homework 1'),(64,106,101,104,'Midterm 1','4',12,'Midterm 1'),(65,28,34,40,'Homework Written','3',12,'Homework 2'),(66,112,100,100,'Homework','16',18,'Homework 5'),(67,99,5,5,'Assignments','23',20,'Lab Conduct 2'),(68,70,10,10,'Assignments','23',20,'Prelab Quiz 2'),(69,71,15,15,'Assignments','23',20,'Prelab Notes 2'),(70,100,19.25,20,'Assignments','23',20,'InLab Notes 2'),(71,91,105,100,'Unpledged Projects','7',21,'Project 4'),(72,120,20,20,'Quizzes','8',21,'Project 6 Quiz'),(73,86,9.8,10,'Homework','33',23,'Homework 5'),(74,62,10,10,'Homework','33',23,'Homework 6'),(75,96,10,10,'Homework','33',23,'Homework 7'),(76,103,10,10,'Assignments','23',20,'Pre Discussion Assignment 2'),(77,104,39,40,'Assignments','23',20,'Discussion Assignment 2'),(78,118,10,10,'Assignments','23',20,'Prelab Quiz 3'),(79,113,88,100,'Design Proposal','26',22,'Technical Presentation'),(80,10,5,5,'Quiz Completion','30',22,'Engineering Design Process'),(81,110,97,100,'Exam 1','13',18,'Midterm 1'),(82,135,128,150,'Unit 2 Exam','18',19,'Midterm 2'),(83,154,70,100,'Midterm 2','5',12,'Midterm 2'),(84,145,93,100,'Exam 2','14',18,'Midterm 2'),(85,149,50,50,'Assignments','23',20,'Discussion Assignment 5'),(86,159,94,100,'Homework','38',33,'HW 1'),(88,163,9.52,10,'Homework','47',35,'HW CH2'),(89,167,10,10,'Homework','47',35,'HW CH3'),(90,162,10,10,'Quizzes','51',35,'PC CH2'),(91,166,10,10,'Quizzes','51',35,'PC CH4'),(92,160,100,100,'Participation','52',35,'PC CH1'),(93,165,100,100,'Homework','42',34,'Homework 1'),(94,178,100,100,'Labs','56',36,'Lab 1'),(95,170,86,100,'Homework','38',33,'HW 2'),(96,177,86,100,'Homework','38',33,'HW 3'),(97,184,100,100,'Participation','41',33,'Participation'),(98,185,78,100,'PBL','39',33,'PBL 1 Oral Report'),(99,188,98,100,'Homework','38',33,'HW 4'),(100,189,84,100,'Exam 1','44',34,'Exam 1'),(101,186,90,100,'Exams','40',33,'Midterm 1'),(102,187,124.5,140,'PBL','39',33,'PBL 1 Written Report'),(103,190,100,100,'Exam 2','45',34,'Exam 2'),(104,191,100,100,'Project','43',34,'Bridge Project'),(105,192,90,100,'Final Exam','46',34,'Final'),(106,171,100,100,'Homework','42',34,'Homework 2'),(107,176,100,100,'Homework','42',34,'Homework 3'),(108,183,100,100,'Homework','42',34,'Homework 4'),(109,182,100,100,'Homework','53',36,'Homework 1'),(110,194,90,100,'PBL','39',33,'PBL 2 Oral Report'),(111,195,89,100,'PBL','39',33,'PBL 2 Written Report'),(112,193,94.5,100,'Exams','40',33,'Midterm 2'),(113,196,85.25,100,'Exams','40',33,'Final'),(114,200,100,100,'Homework','38',33,'HW 8'),(115,197,64,64,'Homework','38',33,'HW 5'),(116,199,89,100,'Homework','38',33,'HW 7'),(117,198,128,136,'Homework','38',33,'HW 6');
/*!40000 ALTER TABLE `graded_assignments` ENABLE KEYS */;
UNLOCK TABLES;

--
-- Table structure for table `gradingscheme`
--

DROP TABLE IF EXISTS `gradingscheme`;
/*!40101 SET @saved_cs_client     = @@character_set_client */;
/*!50503 SET character_set_client = utf8mb4 */;
CREATE TABLE `gradingscheme` (
  `grading_id` int NOT NULL AUTO_INCREMENT,
  `class_id` int NOT NULL,
  `grading_item` varchar(255) DEFAULT NULL,
  `weight_points` float DEFAULT NULL,
  `weight_percentage` float DEFAULT NULL,
  `item_count` int DEFAULT NULL,
  PRIMARY KEY (`grading_id`),
  UNIQUE KEY `idgradingscheme_UNIQUE` (`grading_id`)
) ENGINE=InnoDB AUTO_INCREMENT=65 DEFAULT CHARSET=utf8mb4 COLLATE=utf8mb4_0900_ai_ci;
/*!40101 SET character_set_client = @saved_cs_client */;

--
-- Dumping data for table `gradingscheme`
--

LOCK TABLES `gradingscheme` WRITE;
/*!40000 ALTER TABLE `gradingscheme` DISABLE KEYS */;
INSERT INTO `gradingscheme` VALUES (1,12,'Attendance',0,5,NULL),(2,12,'Homework Online',0,5,NULL),(3,12,'Homework Written',0,20,NULL),(4,12,'Midterm 1',0,20,NULL),(5,12,'Midterm 2',0,20,NULL),(6,12,'Final',0,30,NULL),(7,21,'Unpledged Projects',0,50,NULL),(8,21,'Quizzes',0,15,NULL),(9,21,'Pledged Projects',0,20,NULL),(10,21,'Group Assignments',0,5,NULL),(11,21,'RLA Attendance',0,10,NULL),(12,21,'Optional Project',0,1,NULL),(13,18,'Exam 1',0,25,NULL),(14,18,'Exam 2',0,25,NULL),(15,18,'Exam 3',0,25,NULL),(16,18,'Homework',0,25,NULL),(17,19,'Unit 1 Exam',0,15,NULL),(18,19,'Unit 2 Exam',0,15,NULL),(19,19,'Unit 3 Exam',0,15,NULL),(20,19,'Final Exam',0,25,NULL),(21,19,'Homework',0,5,NULL),(22,19,'Lab',0,25,NULL),(23,20,'Assignments',550,0,NULL),(24,22,'Technical Memos',0,15,NULL),(25,22,'Self Reflection Memos',0,10,NULL),(26,22,'Design Proposal',0,15,NULL),(27,22,'Final Design and Prototype Demo',0,15,NULL),(28,22,'Prototype Evalutation',0,15,NULL),(29,22,'Team Participation',0,10,NULL),(30,22,'Quiz Completion',0,5,NULL),(31,22,'Mentor Participation',0,5,NULL),(32,22,'Exam',0,10,NULL),(33,23,'Homework',0,50,NULL),(34,23,'Participation',0,50,NULL),(35,24,'Participation',0,30,NULL),(36,24,'Assignments',0,50,NULL),(37,24,'Final Project',0,20,NULL),(38,33,'Homework',0,15,NULL),(39,33,'PBL',0,40,NULL),(40,33,'Exams',0,40,NULL),(41,33,'Participation',0,5,NULL),(42,34,'Homework',0,20,NULL),(43,34,'Project',0,10,NULL),(44,34,'Exam 1',0,20,NULL),(45,34,'Exam 2',0,20,NULL),(46,34,'Final Exam',0,30,NULL),(47,35,'Homework',0,10,NULL),(48,35,'Exam 1',0,25,NULL),(49,35,'Exam 2',0,25,NULL),(50,35,'Exam 3',0,30,NULL),(51,35,'Quizzes',0,5,NULL),(52,35,'Participation',0,5,NULL),(53,36,'Homework',0,20,NULL),(54,36,'In-Class Quizzes',0,10,NULL),(55,36,'Exams',0,35,NULL),(56,36,'Labs',0,35,NULL),(57,38,'Weekly Presentations',0,25,NULL),(58,38,'Final Presentation',0,25,NULL),(59,38,'Week Participation',0,20,NULL),(60,38,'Business Model Canvas',0,15,NULL),(61,38,'Final Pitch',0,15,NULL),(62,39,'Exams',0,40,NULL),(63,39,'Homework',0,25,NULL),(64,39,'Essays',0,35,NULL);
/*!40000 ALTER TABLE `gradingscheme` ENABLE KEYS */;
UNLOCK TABLES;

--
-- Table structure for table `readings`
--

DROP TABLE IF EXISTS `readings`;
/*!40101 SET @saved_cs_client     = @@character_set_client */;
/*!50503 SET character_set_client = utf8mb4 */;
CREATE TABLE `readings` (
  `readings_id` int NOT NULL AUTO_INCREMENT,
  `class_id` int NOT NULL,
  `link` varchar(255) DEFAULT NULL,
  `due_date` date DEFAULT NULL,
  `assigned_reading` varchar(255) DEFAULT NULL,
  `description` varchar(255) DEFAULT NULL,
  `status` varchar(255) DEFAULT NULL,
  PRIMARY KEY (`readings_id`),
  UNIQUE KEY `idreadings_UNIQUE` (`readings_id`)
) ENGINE=InnoDB AUTO_INCREMENT=102 DEFAULT CHARSET=utf8mb4 COLLATE=utf8mb4_0900_ai_ci;
/*!40101 SET character_set_client = @saved_cs_client */;

--
-- Dumping data for table `readings`
--

LOCK TABLES `readings` WRITE;
/*!40000 ALTER TABLE `readings` DISABLE KEYS */;
INSERT INTO `readings` VALUES (5,12,'https://canvas.rice.edu/courses/46724/external_tools/3912','2022-01-14','Videos 3.1-3.2','Cross Product','complete'),(6,19,'https://openstax.org/books/chemistry-2e/pages/9-3-stoichiometry-of-gaseous-substances-mixtures-and-reactions','2022-01-14','Chapter 9.3','Stoichiometry of Gaseous Substances, Mixtures, and Reactions','complete'),(7,19,'https://cnx.org/contents/xq3piGJg@2.1:aPpvPV9J@2/The-Kinetic-Molecular-Theory','2022-01-19','CDN 15','The Kinetic Molecular Theory','complete'),(8,19,'https://openstax.org/books/chemistry-2e/pages/9-6-non-ideal-gas-behavior','2022-01-19','Chapter 9.6','Non-Ideal Gas Behavior','complete'),(9,18,'https://canvas.rice.edu/courses/45504/files/3352762/download?wrap=1','2022-01-19','Miller Paper','A Production of Amino Acids Under Primitive Earth Conditions','complete'),(10,18,'https://canvas.rice.edu/courses/45504/assignments/syllabus','2022-01-19','Chapter 2','The Chemical Context of Life','complete'),(11,19,'https://cnx.org/contents/xq3piGJg@2.1:aPpvPV9J@2/The-Kinetic-Molecular-Theory','2022-01-21','CDN 15','Kinetic Molecular Theory','complete'),(12,19,'https://openstax.org/books/chemistry-2e/pages/9-4-effusion-and-diffusion-of-gases','2022-01-21','Chapter 9.4','Effusion and Diffusion of Gases','complete'),(13,19,'https://openstax.org/books/chemistry-2e/pages/9-5-the-kinetic-molecular-theory','2022-01-21','Chapter 9.5','The Kinetic Molecular Theory','complete'),(14,18,'https://canvas.rice.edu/courses/45504/assignments/syllabus','2022-01-26','Chapter 3','Water','complete'),(15,19,'https://cnx.org/contents/xq3piGJg@2.1:QlJM_25S@4/Reaction-Rate-Laws','2022-01-26','CDN 19','Reaction Rate Laws','complete'),(16,19,'https://openstax.org/books/chemistry-2e/pages/12-1-chemical-reaction-rates','2022-01-26','Chapters 12.1-12.3','Kinetics','complete'),(17,18,'https://canvas.rice.edu/courses/45504/assignments/syllabus','2022-02-02','Chapter 4','Carbon and the Molecular Diversity of Life','complete'),(18,19,'https://cnx.org/contents/xq3piGJg@2.1:ck0CUGFc@3/Reaction-Kinetics','2022-01-31','CDN 20','Reaction Kinetics','complete'),(19,19,'https://openstax.org/books/chemistry-2e/pages/12-7-catalysis','2022-02-04','Chapter 12.7','Catalysis','complete'),(20,19,'https://cnx.org/contents/xq3piGJg@2.1:aguuIwpv@3/Reaction-Equilibrium-in-the-Gas-Phase','2022-02-14','CDN 21','Reaction Equilibrium in the Gas Phase','complete'),(21,19,'https://openstax.org/books/chemistry-2e/pages/13-1-chemical-equilibria','2022-02-14','Chapters 13.1-13.2','Fundamental Equilibrium Concepts','complete'),(22,18,'https://canvas.rice.edu/courses/45504/assignments/syllabus','2022-02-14','Chapter 5','Organic chemistry and biological molecules','complete'),(23,18,'https://canvas.rice.edu/courses/45504/files/3352815/download?wrap=1','2022-02-14','Anfinsen Paper','The Kinetics of Formation of Native Ribonuclease During Oxidation of the Reduced Polypeptide Chain','complete'),(24,18,'https://canvas.rice.edu/courses/45504/assignments/syllabus','2022-02-14','On Societies as Organisms','Lives of A Cell','complete'),(25,18,'https://canvas.rice.edu/courses/45504/assignments/syllabus','2022-02-14','A Fear of Pheromones','Lives of A Cell','complete'),(26,18,'https://canvas.rice.edu/courses/45504/assignments/syllabus','2022-02-14','The Music of This Sphere','Lives of A Cell','complete'),(27,18,'https://canvas.rice.edu/courses/45504/assignments/syllabus','2022-02-25','Chapter 6','A Tour of the Cell','complete'),(28,19,'https://openstax.org/books/chemistry-2e/pages/16-1-spontaneity','2022-02-28','Chapters 16.1-16.3','Thermodynamics','complete'),(29,19,'https://cnx.org/contents/xq3piGJg@2.1:YrAqORSU@3/Entropy-and-the-Second-Law-of-Thermodynamics','2022-02-28','CDN 23','Entropy and the Second Law of Thermodynamics','complete'),(30,33,'https://canvas.rice.edu/courses/51499','2022-08-26','Chapter 1','Intro to Engineering Calculations','complete'),(31,34,'https://canvas.rice.edu/courses/50438/assignments/273651?module_item_id=535443','2022-08-26','Chapter 1','Introduction','complete'),(32,34,'https://canvas.rice.edu/courses/50438/assignments/273651?module_item_id=535443','2022-08-26','Chapter 2.1 - 2.3','Vector Operations','complete'),(33,35,'https://canvas.rice.edu/courses/51096','2022-08-23','Chapter 1','Accounting Overview, Financial Statements','complete'),(34,35,'https://canvas.rice.edu/courses/51096','2022-08-30','Chapter 2','Transaction Analysis','complete'),(35,38,'https://canvas.rice.edu/courses/53206/assignments/263092?module_item_id=508007','2022-08-29','Business Model Generation','Business Model Generation','complete'),(36,35,'https://canvas.rice.edu/courses/51096','2022-09-06','Chapter 3','Adjusting Accounts for Financial Statements','complete'),(37,35,'https://canvas.rice.edu/courses/51096','2022-09-06','Chapter 4','Reporting and Analyzing Cash Flow','complete'),(38,34,'https://canvas.rice.edu/courses/50438','2022-09-05','Chapter 3','Equilibrium of a Particle','complete'),(39,34,'https://canvas.rice.edu/courses/50438','2022-09-05','Chapter 2.4-2.6, 2.8','Force Vectors','complete'),(40,33,'https://canvas.rice.edu/courses/51499','2022-09-05','Chapter 2','Foundations of Conservation Principles','complete'),(41,33,'https://canvas.rice.edu/courses/51499','2022-09-05','Chapter 3','Conservation of Mass','complete'),(42,34,'https://canvas.rice.edu/courses/50438/assignments/273658?module_item_id=535451','2022-09-09','Chapter 4','Force System Resultants','complete'),(43,34,'https://canvas.rice.edu/courses/50438/assignments/273660?module_item_id=535458','2022-09-23','Chapter 5','Equilibrium of Rigid Bodies','complete'),(44,34,'https://canvas.rice.edu/courses/50438/assignments/273661?module_item_id=535462','2022-09-30','Chapter 6.1-6.4','Structural Analysis','complete'),(45,39,'https://canvas.rice.edu/courses/56691/files/4276330/download?wrap=1','2023-01-11','Errors and Mistakes','Errors and Mistakes','complete'),(46,39,'https://canvas.rice.edu/courses/56691/files/4276185/download?wrap=1','2023-01-11','Chapters 1-2 Myers','Weekly Reading','complete'),(47,39,'https://canvas.rice.edu/courses/56691/files/4276325/download?wrap=1','2023-01-11','Triplett','Weekly Reading','complete'),(48,39,'https://canvas.rice.edu/courses/56691/files/4276326/download?wrap=1','2023-01-11','Berscheid','Weekly Reading','complete'),(49,42,'https://canvas.rice.edu/courses/57336','2023-01-11','Chapter 1','Mathematical Modeling, Numerical Methods, and Problem Solving','complete'),(50,42,'https://canvas.rice.edu/courses/57336','2023-01-13','Chapters 2-3','MATLAB Programming','complete'),(51,40,'https://canvas.rice.edu/courses/54326/files/4294751?module_item_id=602802','2023-01-09','Chapter 3.1','Intro to Membranes','complete'),(52,40,'https://canvas.rice.edu/courses/54326/files/4294751?module_item_id=602802','2023-01-11','Chapters 3.1-3.2','Membranes','complete'),(53,40,'https://canvas.rice.edu/courses/54326/files/4294751?module_item_id=602802','2023-01-13','Chapters 3.2-3.3','Action Potential','complete'),(54,40,'https://canvas.rice.edu/courses/54326','2023-01-23','Chapter 3.6','Pages 318-325','complete'),(55,39,'https://canvas.rice.edu/courses/56691/pages/week-3-readings-social-beliefs-judgements-behavior-and-attitudes-due-1-slash-23?module_item_id=595016','2023-01-23','Chapter 3','Social Beliefs and Judgements','complete'),(56,39,'https://canvas.rice.edu/courses/56691/pages/week-3-readings-social-beliefs-judgements-behavior-and-attitudes-due-1-slash-23?module_item_id=595016','2023-01-23','Chapter 4','Behavior and Attitudes','complete'),(57,39,'https://canvas.rice.edu/courses/56691/files/4276327/download?wrap=1','2023-01-23','Festinger and Carlsmith','On Forced Compliance','complete'),(58,39,'https://canvas.rice.edu/courses/56691/files/4276281/download','2023-01-23','Illusion','A Social Network Illusion','complete'),(59,39,'https://canvas.rice.edu/courses/56691/files/4276212/download','2023-01-23','Breaking Bad','Illusory Thinking','complete'),(60,39,'https://canvas.rice.edu/courses/56691/files/4276265/download','2023-01-23','OK to Swim','Psychology Bull','complete'),(61,42,'https://canvas.rice.edu/courses/57336','2023-01-23','Chapter 4','Errors','complete'),(62,42,'https://canvas.rice.edu/courses/57336','2023-01-23','Chapter 5','Roots: Bracketing Methods','complete'),(63,42,'https://canvas.rice.edu/courses/57336','2023-01-23','Chapter 21','Numerical Differentiation','complete'),(64,42,'https://canvas.rice.edu/courses/57336','2023-02-10','Chapter 6','Roots: Bracketing Methods','complete'),(65,45,'https://docs.google.com/spreadsheets/d/1ugz1l34WHuseRK20--1TJuYPEm1wmi49Vux_zgVGCDQ/edit#gid=74983300','2023-02-09','Chapter 5','Pages 181-222','complete'),(66,45,'https://docs.google.com/spreadsheets/d/1ugz1l34WHuseRK20--1TJuYPEm1wmi49Vux_zgVGCDQ/edit#gid=74983300','2023-02-09','Chapter 6 Part 1','Pages 229-241','complete'),(67,40,'https://canvas.rice.edu/courses/54326/files/4393134?module_item_id=615218','2023-02-08','Chapter 5.1','Cardiovascular System','complete'),(68,40,'https://canvas.rice.edu/courses/54326/files/4393134?module_item_id=615218','2023-02-08','Chapter 5.2','Pages 498-504','complete'),(69,40,'https://canvas.rice.edu/courses/54326/files/4393134?module_item_id=615218','2023-02-13','Chapter 5.4','Pages 516-524','complete'),(70,39,'https://canvas.rice.edu/courses/56691/pages/week-6-readings-groups-due-2-slash-13?module_item_id=595035','2023-02-13','Week 6 Readings','5 Papers','complete'),(71,39,'https://canvas.rice.edu/courses/56691/pages/week-6-readings-groups-due-2-slash-13?module_item_id=595035','2023-02-13','Chapter 8','Group Influence','complete'),(72,45,'https://docs.google.com/spreadsheets/d/1ugz1l34WHuseRK20--1TJuYPEm1wmi49Vux_zgVGCDQ/edit#gid=74983300','2023-02-12','Chapter 6 Part 2','Pages 241-252','complete'),(73,45,'https://docs.google.com/spreadsheets/d/1ugz1l34WHuseRK20--1TJuYPEm1wmi49Vux_zgVGCDQ/edit#gid=74983300','2023-02-13','Chapter 6 Part 3','Pages 252-267','complete'),(74,45,'https://docs.google.com/spreadsheets/d/1ugz1l34WHuseRK20--1TJuYPEm1wmi49Vux_zgVGCDQ/edit#gid=74983300','2023-02-16','Chapter 7 Part 1','Pages 272-285','complete'),(75,45,'https://docs.google.com/spreadsheets/d/1ugz1l34WHuseRK20--1TJuYPEm1wmi49Vux_zgVGCDQ/edit#gid=74983300','2023-02-17','Chapter 7 Part 2','Pages 285-301','complete'),(76,45,'https://docs.google.com/spreadsheets/d/1ugz1l34WHuseRK20--1TJuYPEm1wmi49Vux_zgVGCDQ/edit#gid=74983300','2023-02-17','Chapter 7 Part 3','Pages 301-313 (Skip 7.6A and 7.6B)','complete'),(77,45,'https://docs.google.com/spreadsheets/d/1ugz1l34WHuseRK20--1TJuYPEm1wmi49Vux_zgVGCDQ/edit#gid=74983300','2023-02-19','Chapter 7 Part 4','Pages 313-317','complete'),(78,42,'https://canvas.rice.edu/courses/57336','2023-02-12','Chapter 10','LU Factorization','complete'),(79,42,'https://canvas.rice.edu/courses/57336','2023-02-12','Chapter 11','Matrix Inverse and Condition','complete'),(80,42,'https://canvas.rice.edu/courses/57336','2023-02-05','Chapter 7','Optimization','complete'),(81,42,'https://canvas.rice.edu/courses/57336','2023-02-05','Chapter 9','Gauss Elimination','complete'),(82,42,'https://canvas.rice.edu/courses/57336','2023-02-19','Chapter 12','Iterative Methods','complete'),(83,42,'https://canvas.rice.edu/courses/57336','2023-02-19','Chapter 14','Linear Regression','complete'),(84,42,'https://canvas.rice.edu/courses/57336','2023-02-26','Chapter 15','General Linear Least Squares and Nonlinear Regression','complete'),(85,42,'https://canvas.rice.edu/courses/57336','2023-02-26','Chapter 17','Polynomial Interpolation','complete'),(86,45,'https://docs.google.com/spreadsheets/d/1ugz1l34WHuseRK20--1TJuYPEm1wmi49Vux_zgVGCDQ/edit#gid=1041656145','2023-03-03','Chapter 9 Part 1','Pages 382-394','complete'),(87,39,'https://canvas.rice.edu/courses/56691/modules/items/595052','2023-03-03','Week 8 Readings','Attraction','complete'),(88,39,'https://canvas.rice.edu/courses/56691/modules/items/595042','2023-02-24','Week 7 Readings','Prejudice','complete'),(89,42,'https://canvas.rice.edu/courses/57336','2023-03-06','Chapter 18','Splines and Piecewise Interpolation','complete'),(90,45,'https://docs.google.com/spreadsheets/d/1ugz1l34WHuseRK20--1TJuYPEm1wmi49Vux_zgVGCDQ/edit#gid=1715900195','2023-04-01','Chapter 12 Part 1','Pages 569-579','complete'),(91,45,'https://docs.google.com/spreadsheets/d/1ugz1l34WHuseRK20--1TJuYPEm1wmi49Vux_zgVGCDQ/edit#gid=1715900195','2023-04-02','Chapter 12 Part 2','Pages 579-591','complete'),(92,39,'https://canvas.rice.edu/courses/56691/pages/week-12-readings-social-psych-in-the-clinic-due-10-slash-31?module_item_id=595079','2023-03-31','Chapter 14','Weekly Reading','complete'),(93,39,'https://canvas.rice.edu/courses/56691/pages/week-12-readings-social-psych-in-the-courtroom-due-11-slash-7?module_item_id=595083','2023-04-07','Chapter 15','Weekly Reading','complete'),(94,45,'https://docs.google.com/spreadsheets/d/1ugz1l34WHuseRK20--1TJuYPEm1wmi49Vux_zgVGCDQ/edit#gid=1715900195','2023-04-06','Chapter 13 Part 1','611-622','complete'),(95,45,'https://docs.google.com/spreadsheets/d/1ugz1l34WHuseRK20--1TJuYPEm1wmi49Vux_zgVGCDQ/edit#gid=1715900195','2023-04-07','Chapter 13 Part 2','Pages 622-633','complete'),(96,45,'https://docs.google.com/spreadsheets/d/1ugz1l34WHuseRK20--1TJuYPEm1wmi49Vux_zgVGCDQ/edit#gid=1715900195','2023-04-08','Chapter 13 Part 3','Pages 633-643','complete'),(97,45,'https://docs.google.com/spreadsheets/d/1ugz1l34WHuseRK20--1TJuYPEm1wmi49Vux_zgVGCDQ/edit#gid=1715900195','2023-04-09','Chapter 13 Part 4','Pages 643-656','complete'),(98,46,'https://bookshelf.vitalsource.com/#/','2023-08-23','Chapter 1','Intro to Biomaterials','complete'),(100,48,'https://canvas.rice.edu/courses/58866/assignments/326829','2023-08-24','Chapter 2','Chemical Bonds and Biomolecules','complete'),(101,46,'https://bookshelf.vitalsource.com/#/','2023-08-28','Chapter 2','Chemical Structure of Biomaterials','incomplete');
/*!40000 ALTER TABLE `readings` ENABLE KEYS */;
UNLOCK TABLES;
/*!40103 SET TIME_ZONE=@OLD_TIME_ZONE */;

/*!40101 SET SQL_MODE=@OLD_SQL_MODE */;
/*!40014 SET FOREIGN_KEY_CHECKS=@OLD_FOREIGN_KEY_CHECKS */;
/*!40014 SET UNIQUE_CHECKS=@OLD_UNIQUE_CHECKS */;
/*!40101 SET CHARACTER_SET_CLIENT=@OLD_CHARACTER_SET_CLIENT */;
/*!40101 SET CHARACTER_SET_RESULTS=@OLD_CHARACTER_SET_RESULTS */;
/*!40101 SET COLLATION_CONNECTION=@OLD_COLLATION_CONNECTION */;
/*!40111 SET SQL_NOTES=@OLD_SQL_NOTES */;

-- Dump completed on 2023-08-25 21:37:13
